,formula,stoichiometry,reaction_id
0,+ coco:COCOM00001,{694312: 1},1
1,+ coco:COCOM00002,{694313: 1},2
2,+ coco:COCOM00003,{694314: 1},3
3,+ coco:COCOM00004,{694315: 1},4
4,+ coco:COCOM00005,{694316: 1},5
5,+ coco:COCOM00006,{694317: 1},6
6,+ coco:COCOM00007,{694318: 1},7
7,+ coco:COCOM00008,{694319: 1},8
8,+ coco:COCOM00009,{694320: 1},9
9,+ coco:COCOM00010,{694321: 1},10
10,+ coco:COCOM00011,{694322: 1},11
11,+ metanetx.chemical:MNXM1017,{940: 1},12
12,+ metanetx.chemical:MNXM105630,{81378: 1},13
13,+ metanetx.chemical:MNXM107,{101: 1},14
14,+ metanetx.chemical:MNXM108,{102: 1},15
15,+ metanetx.chemical:MNXM10881,{8576: 1},16
16,+ metanetx.chemical:MNXM10926,{8601: 1},17
17,+ metanetx.chemical:MNXM11,{14: 1},18
18,+ metanetx.chemical:MNXM111,{104: 1},19
19,+ metanetx.chemical:MNXM11523,{9025: 1},20
20,+ metanetx.chemical:MNXM116,{109: 1},21
21,+ metanetx.chemical:MNXM117,{110: 1},22
22,+ metanetx.chemical:MNXM1184,{1095: 1},23
23,+ metanetx.chemical:MNXM1191,{1101: 1},24
24,+ metanetx.chemical:MNXM1198,{1107: 1},25
25,+ metanetx.chemical:MNXM1239,{1144: 1},26
26,+ metanetx.chemical:MNXM126,{118: 1},27
27,+ metanetx.chemical:MNXM13,{16: 1},28
28,+ metanetx.chemical:MNXM131,{123: 1},29
29,+ metanetx.chemical:MNXM1380,{1260: 1},30
30,+ metanetx.chemical:MNXM13819,{10402: 1},31
31,+ metanetx.chemical:MNXM13820,{10403: 1},32
32,+ metanetx.chemical:MNXM13821,{10404: 1},33
33,+ metanetx.chemical:MNXM13824,{10405: 1},34
34,+ metanetx.chemical:MNXM13841,{10412: 1},35
35,+ metanetx.chemical:MNXM14,{17: 1},36
36,+ metanetx.chemical:MNXM140,{132: 1},37
37,+ metanetx.chemical:MNXM14140,{10511: 1},38
38,+ metanetx.chemical:MNXM142,{134: 1},39
39,+ metanetx.chemical:MNXM14207,{10530: 1},40
40,+ metanetx.chemical:MNXM1421,{1290: 1},41
41,+ metanetx.chemical:MNXM14271,{10559: 1},42
42,+ metanetx.chemical:MNXM1428,{1296: 1},43
43,+ metanetx.chemical:MNXM14472,{10660: 1},44
44,+ metanetx.chemical:MNXM145,{137: 1},45
45,+ metanetx.chemical:MNXM1459,{1322: 1},46
46,+ metanetx.chemical:MNXM147,{139: 1},47
47,+ metanetx.chemical:MNXM1470,{1332: 1},48
48,+ metanetx.chemical:MNXM149903,{120404: 1},49
49,+ metanetx.chemical:MNXM15,{18: 1},50
50,+ metanetx.chemical:MNXM154,{146: 1},51
51,+ metanetx.chemical:MNXM155029,{125172: 1},52
52,+ metanetx.chemical:MNXM157,{149: 1},53
53,+ metanetx.chemical:MNXM15883,{10929: 1},54
54,+ metanetx.chemical:MNXM160,{152: 1},55
55,+ metanetx.chemical:MNXM165,{157: 1},56
56,+ metanetx.chemical:MNXM165425,{134910: 1},57
57,+ metanetx.chemical:MNXM165476,{134961: 1},58
58,+ metanetx.chemical:MNXM165478,{134963: 1},59
59,+ metanetx.chemical:MNXM167,{159: 1},60
60,+ metanetx.chemical:MNXM168,{160: 1},61
61,+ metanetx.chemical:MNXM1735,{1564: 1},62
62,+ metanetx.chemical:MNXM179,{169: 1},63
63,+ metanetx.chemical:MNXM182,{172: 1},64
64,+ metanetx.chemical:MNXM189,{179: 1},65
65,+ metanetx.chemical:MNXM1932,{1721: 1},66
66,+ metanetx.chemical:MNXM195,{184: 1},67
67,+ metanetx.chemical:MNXM196,{185: 1},68
68,+ metanetx.chemical:MNXM198,{187: 1},69
69,+ metanetx.chemical:MNXM199,{188: 1},70
70,+ metanetx.chemical:MNXM2,{5: 1},71
71,+ metanetx.chemical:MNXM20,{22: 1},72
72,+ metanetx.chemical:MNXM2007,{1786: 1},73
73,+ metanetx.chemical:MNXM207,{195: 1},74
74,+ metanetx.chemical:MNXM212,{200: 1},75
75,+ metanetx.chemical:MNXM213,{201: 1},76
76,+ metanetx.chemical:MNXM2179,{1940: 1},77
77,+ metanetx.chemical:MNXM22,{24: 1},78
78,+ metanetx.chemical:MNXM222,{210: 1},79
79,+ metanetx.chemical:MNXM228,{215: 1},80
80,+ metanetx.chemical:MNXM23,{25: 1},81
81,+ metanetx.chemical:MNXM231,{218: 1},82
82,+ metanetx.chemical:MNXM2356,{2089: 1},83
83,+ metanetx.chemical:MNXM242,{229: 1},84
84,+ metanetx.chemical:MNXM243,{230: 1},85
85,+ metanetx.chemical:MNXM25,{27: 1},86
86,+ metanetx.chemical:MNXM254,{241: 1},87
87,+ metanetx.chemical:MNXM255,{242: 1},88
88,+ metanetx.chemical:MNXM26,{28: 1},89
89,+ metanetx.chemical:MNXM261,{248: 1},90
90,+ metanetx.chemical:MNXM275,{261: 1},91
91,+ metanetx.chemical:MNXM280,{266: 1},92
92,+ metanetx.chemical:MNXM287,{273: 1},93
93,+ metanetx.chemical:MNXM29,{31: 1},94
94,+ metanetx.chemical:MNXM291,{277: 1},95
95,+ metanetx.chemical:MNXM295,{281: 1},96
96,+ metanetx.chemical:MNXM3,{6: 1},97
97,+ metanetx.chemical:MNXM3005,{2646: 1},98
98,+ metanetx.chemical:MNXM303,{287: 1},99
99,+ metanetx.chemical:MNXM3085,{2700: 1},100
100,+ metanetx.chemical:MNXM3102,{2712: 1},101
101,+ metanetx.chemical:MNXM3103,{2713: 1},102
102,+ metanetx.chemical:MNXM3133,{2736: 1},103
103,+ metanetx.chemical:MNXM31999,{21310: 1},104
104,+ metanetx.chemical:MNXM32,{34: 1},105
105,+ metanetx.chemical:MNXM32005,{21316: 1},106
106,+ metanetx.chemical:MNXM32006,{21317: 1},107
107,+ metanetx.chemical:MNXM32049,{21358: 1},108
108,+ metanetx.chemical:MNXM32136,{21443: 1},109
109,+ metanetx.chemical:MNXM32237,{21539: 1},110
110,+ metanetx.chemical:MNXM3230,{2816: 1},111
111,+ metanetx.chemical:MNXM3235,{2820: 1},112
112,+ metanetx.chemical:MNXM3262,{2844: 1},113
113,+ metanetx.chemical:MNXM334,{316: 1},114
114,+ metanetx.chemical:MNXM336,{318: 1},115
115,+ metanetx.chemical:MNXM339,{321: 1},116
116,+ metanetx.chemical:MNXM341,{323: 1},117
117,+ metanetx.chemical:MNXM3458,{3005: 1},118
118,+ metanetx.chemical:MNXM34598,{23671: 1},119
119,+ metanetx.chemical:MNXM352,{333: 1},120
120,+ metanetx.chemical:MNXM362,{343: 1},121
121,+ metanetx.chemical:MNXM3633,{3153: 1},122
122,+ metanetx.chemical:MNXM37,{39: 1},123
123,+ metanetx.chemical:MNXM37357,{26143: 1},124
124,+ metanetx.chemical:MNXM37572,{26326: 1},125
125,+ metanetx.chemical:MNXM377,{357: 1},126
126,+ metanetx.chemical:MNXM379,{359: 1},127
127,+ metanetx.chemical:MNXM39,{41: 1},128
128,+ metanetx.chemical:MNXM390,{369: 1},129
129,+ metanetx.chemical:MNXM393,{372: 1},130
130,+ metanetx.chemical:MNXM398,{377: 1},131
131,+ metanetx.chemical:MNXM4,{7: 1},132
132,+ metanetx.chemical:MNXM400,{379: 1},133
133,+ metanetx.chemical:MNXM4002,{3454: 1},134
134,+ metanetx.chemical:MNXM404,{383: 1},135
135,+ metanetx.chemical:MNXM40579,{29047: 1},136
136,+ metanetx.chemical:MNXM41,{43: 1},137
137,+ metanetx.chemical:MNXM41271,{29687: 1},138
138,+ metanetx.chemical:MNXM417,{396: 1},139
139,+ metanetx.chemical:MNXM42,{44: 1},140
140,+ metanetx.chemical:MNXM4214,{3644: 1},141
141,+ metanetx.chemical:MNXM4219,{3649: 1},142
142,+ metanetx.chemical:MNXM429,{408: 1},143
143,+ metanetx.chemical:MNXM4328,{3747: 1},144
144,+ metanetx.chemical:MNXM435,{414: 1},145
145,+ metanetx.chemical:MNXM4374,{3789: 1},146
146,+ metanetx.chemical:MNXM441,{420: 1},147
147,+ metanetx.chemical:MNXM44968,{33085: 1},148
148,+ metanetx.chemical:MNXM4523,{3909: 1},149
149,+ metanetx.chemical:MNXM458,{437: 1},150
150,+ metanetx.chemical:MNXM46,{48: 1},151
151,+ metanetx.chemical:MNXM460,{438: 1},152
152,+ metanetx.chemical:MNXM469,{447: 1},153
153,+ metanetx.chemical:MNXM4835,{4187: 1},154
154,+ metanetx.chemical:MNXM504217,{473252: 1},155
155,+ metanetx.chemical:MNXM5083,{4400: 1},156
156,+ metanetx.chemical:MNXM5084,{4401: 1},157
157,+ metanetx.chemical:MNXM510,{486: 1},158
158,+ metanetx.chemical:MNXM53,{53: 1},159
159,+ metanetx.chemical:MNXM5399,{4643: 1},160
160,+ metanetx.chemical:MNXM541,{514: 1},161
161,+ metanetx.chemical:MNXM544,{516: 1},162
162,+ metanetx.chemical:MNXM5462,{4695: 1},163
163,+ metanetx.chemical:MNXM55,{55: 1},164
164,+ metanetx.chemical:MNXM56,{56: 1},165
165,+ metanetx.chemical:MNXM56307,{43314: 1},166
166,+ metanetx.chemical:MNXM56309,{43316: 1},167
167,+ metanetx.chemical:MNXM579,{549: 1},168
168,+ metanetx.chemical:MNXM58,{58: 1},169
169,+ metanetx.chemical:MNXM58018,{44860: 1},170
170,+ metanetx.chemical:MNXM59041,{45839: 1},171
171,+ metanetx.chemical:MNXM597,{567: 1},172
172,+ metanetx.chemical:MNXM60,{60: 1},173
173,+ metanetx.chemical:MNXM6107,{5184: 1},174
174,+ metanetx.chemical:MNXM615,{585: 1},175
175,+ metanetx.chemical:MNXM6396,{5400: 1},176
176,+ metanetx.chemical:MNXM653,{621: 1},177
177,+ metanetx.chemical:MNXM66,{64: 1},178
178,+ metanetx.chemical:MNXM6797,{5713: 1},179
179,+ metanetx.chemical:MNXM69,{66: 1},180
180,+ metanetx.chemical:MNXM7,{10: 1},181
181,+ metanetx.chemical:MNXM714,{675: 1},182
182,+ metanetx.chemical:MNXM722772,{691217: 1},183
183,+ metanetx.chemical:MNXM724,{684: 1},184
184,+ metanetx.chemical:MNXM73,{70: 1},185
185,+ metanetx.chemical:MNXM73137,{59027: 1},186
186,+ metanetx.chemical:MNXM73139,{59029: 1},187
187,+ metanetx.chemical:MNXM73202,{59087: 1},188
188,+ metanetx.chemical:MNXM74,{71: 1},189
189,+ metanetx.chemical:MNXM75,{72: 1},190
190,+ metanetx.chemical:MNXM76,{73: 1},191
191,+ metanetx.chemical:MNXM762,{715: 1},192
192,+ metanetx.chemical:MNXM77,{74: 1},193
193,+ metanetx.chemical:MNXM78182,{63823: 1},194
194,+ metanetx.chemical:MNXM796,{748: 1},195
195,+ metanetx.chemical:MNXM813,{764: 1},196
196,+ metanetx.chemical:MNXM836,{785: 1},197
197,+ metanetx.chemical:MNXM8595,{6982: 1},198
198,+ metanetx.chemical:MNXM872,{812: 1},199
199,+ metanetx.chemical:MNXM89,{84: 1},200
200,+ metanetx.chemical:MNXM894,{831: 1},201
201,+ metanetx.chemical:MNXM89557,{74378: 1},202
202,+ metanetx.chemical:MNXM89582,{74380: 1},203
203,+ metanetx.chemical:MNXM89588,{74381: 1},204
204,+ metanetx.chemical:MNXM89612,{74384: 1},205
205,+ metanetx.chemical:MNXM89661,{74392: 1},206
206,+ metanetx.chemical:MNXM9,{12: 1},207
207,+ metanetx.chemical:MNXM90068,{74443: 1},208
208,+ metanetx.chemical:MNXM90126,{74455: 1},209
209,+ metanetx.chemical:MNXM90941,{74603: 1},210
210,+ metanetx.chemical:MNXM91,{86: 1},211
211,+ metanetx.chemical:MNXM927,{859: 1},212
212,+ metanetx.chemical:MNXM93,{88: 1},213
213,+ metanetx.chemical:MNXM94,{89: 1},214
214,+ metanetx.chemical:MNXM95120,{75150: 1},215
215,+ metanetx.chemical:MNXM9519,{7631: 1},216
216,+ metanetx.chemical:MNXM9520,{7632: 1},217
217,+ metanetx.chemical:MNXM9521,{7633: 1},218
218,+ metanetx.chemical:MNXM97,{91: 1},219
219,+ metanetx.chemical:MNXM9763,{7804: 1},220
220,+ metanetx.chemical:MNXM977,{905: 1},221
221,+ metanetx.chemical:MNXM98,{92: 1},222
222,2 kegg:C00004 + kegg:C00007 = 2 kegg:C00003 + 2 kegg:C00001,"{13: -2.0, 7: -1.0, 11: 2.0, 5: 2.0}",223
223,2 kegg:C00008 = kegg:C00020 + kegg:C00002,"{10: -2.0, 17: 1.0, 6: 1.0}",224
224,2 kegg:C00024 = kegg:C00010 + kegg:C00332,"{23: -2.0, 15: 1.0, 125: 1.0}",225
225,2 kegg:C00042 + kegg:C00007 = 2 kegg:C00122 + 2 kegg:C00001,"{27: -2.0, 7: -1.0, 88: 2.0, 5: 2.0}",226
226,2 kegg:C00051 + kegg:C00003 = kegg:C00127 + kegg:C00004,"{57: -2.0, 11: -1.0, 143: 1.0, 13: 1.0}",227
227,2 kegg:C00051 + kegg:C00006 = kegg:C00127 + kegg:C00005,"{57: -2.0, 8: -1.0, 143: 1.0, 9: 1.0}",228
228,2 kegg:C00206 = kegg:C00360 + kegg:C00131,"{354: -2.0, 411: 1.0, 272: 1.0}",229
229,2 kegg:C00415 = kegg:C00504 + kegg:C00101,"{267: -2.0, 587: 1.0, 74383: 1.0}",230
230,2 kegg:C00704 = kegg:C00007 + kegg:C00027,"{312: -2.0, 7: 1.0, 24: 1.0}",231
231,4 kegg:C00126 + kegg:C00007 = 4 kegg:C00125 + 2 kegg:C00001,"{704: -4.0, 7: -1.0, 4914: 4.0, 5: 2.0}",232
232,kegg:C00002 + 3 kegg:C00001 = kegg:C00212 + 3 kegg:C00009,"{6: -1.0, 5: -3.0, 200: 1.0, 12: 3.0}",233
233,kegg:C00002 + kegg:C00001 = kegg:C00008 + kegg:C00009,"{6: -1.0, 5: -1.0, 10: 1.0, 12: 1.0}",234
234,kegg:C00002 + kegg:C00003 = kegg:C00008 + kegg:C00006,"{6: -1.0, 11: -1.0, 10: 1.0, 8: 1.0}",235
235,kegg:C00002 + kegg:C00008 = kegg:C03483 + kegg:C00020,"{6: -1.0, 10: -1.0, 1699: 1.0, 17: 1.0}",236
236,kegg:C00002 + kegg:C00015 = kegg:C00008 + kegg:C00075,"{6: -1.0, 20: -1.0, 10: 1.0, 113: 1.0}",237
237,kegg:C00002 + kegg:C00022 + kegg:C00001 = kegg:C00020 + kegg:C00074 + kegg:C00009,"{6: -1.0, 25: -1.0, 5: -1.0, 17: 1.0, 70: 1.0, 12: 1.0}",238
238,kegg:C00002 + kegg:C00022 + kegg:C00009 = kegg:C00020 + kegg:C00074 + kegg:C00013,"{6: -1.0, 25: -1.0, 12: -1.0, 17: 1.0, 70: 1.0, 14: 1.0}",239
239,kegg:C00002 + kegg:C00022 + kegg:C00288 = kegg:C00008 + kegg:C00009 + kegg:C00036,"{6: -1.0, 25: -1.0, 60: -1.0, 10: 1.0, 12: 1.0, 48: 1.0}",240
240,kegg:C00002 + kegg:C00022 = kegg:C00008 + kegg:C00074,"{6: -1.0, 25: -1.0, 10: 1.0, 70: 1.0}",241
241,kegg:C00002 + kegg:C00022 = kegg:C00074 + kegg:C00008,"{6: -1.0, 25: -1.0, 70: 1.0, 10: 1.0}",242
242,kegg:C00002 + kegg:C00025 + kegg:C00014 = kegg:C00008 + kegg:C00009 + kegg:C00064,"{6: -1.0, 74378: -1.0, 18: -1.0, 10: 1.0, 12: 1.0, 39: 1.0}",243
243,kegg:C00002 + kegg:C00031 = kegg:C00008 + kegg:C00092,"{6: -1.0, 43: -1.0, 10: 1.0, 152: 1.0}",244
244,kegg:C00002 + kegg:C00033 + kegg:C00010 = kegg:C00020 + kegg:C00013 + kegg:C00024,"{6: -1.0, 28: -1.0, 15: -1.0, 17: 1.0, 14: 1.0, 23: 1.0}",245
245,kegg:C00002 + kegg:C00033 = kegg:C00008 + kegg:C00227,"{6: -1.0, 28: -1.0, 10: 1.0, 266: 1.0}",246
246,kegg:C00002 + kegg:C00035 = kegg:C00008 + kegg:C00044,"{6: -1.0, 32: -1.0, 10: 1.0, 51: 1.0}",247
247,kegg:C00002 + kegg:C00042 + kegg:C00010 = kegg:C00008 + kegg:C00009 + kegg:C00091,"{6: -1.0, 27: -1.0, 15: -1.0, 10: 1.0, 12: 1.0, 87: 1.0}",248
248,kegg:C00002 + kegg:C00047 + kegg:C01646 = kegg:C00020 + kegg:C00013 + kegg:C01931,"{6: -1.0, 75: -1.0, 74589: -1.0, 17: 1.0, 14: 1.0, 74428: 1.0}",249
249,kegg:C00002 + kegg:C00049 = kegg:C00008 + kegg:C03082,"{6: -1.0, 44: -1.0, 10: 1.0, 1088: 1.0}",250
250,kegg:C00002 + kegg:C00055 = kegg:C00008 + kegg:C00112,"{6: -1.0, 33: -1.0, 10: 1.0, 208: 1.0}",251
251,kegg:C00002 + kegg:C00058 + kegg:C00101 = kegg:C00008 + kegg:C00009 + kegg:C00234,"{6: -1.0, 41: -1.0, 74383: -1.0, 10: 1.0, 12: 1.0, 224: 1.0}",252
252,kegg:C00002 + kegg:C00059 + kegg:C00001 = 2 kegg:C00009 + kegg:C00224,"{6: -1.0, 58: -1.0, 5: -1.0, 12: 2.0, 273: 1.0}",253
253,kegg:C00002 + kegg:C00059 + kegg:C00001 = kegg:C00224 + 2 kegg:C00009,"{6: -1.0, 58: -1.0, 5: -1.0, 273: 1.0, 12: 2.0}",254
254,kegg:C00002 + kegg:C00059 = kegg:C00013 + kegg:C00224,"{6: -1.0, 58: -1.0, 14: 1.0, 273: 1.0}",255
255,kegg:C00002 + kegg:C00059 = kegg:C00224 + kegg:C00013,"{6: -1.0, 58: -1.0, 273: 1.0, 14: 1.0}",256
256,kegg:C00002 + kegg:C00062 + kegg:C01636 = kegg:C00020 + kegg:C00013 + kegg:C02163,"{6: -1.0, 67: -1.0, 74561: -1.0, 17: 1.0, 14: 1.0, 74421: 1.0}",257
257,kegg:C00002 + kegg:C00062 = kegg:C00008 + kegg:C05945,"{6: -1.0, 67: -1.0, 10: 1.0, 3176: 1.0}",258
258,kegg:C00002 + kegg:C00065 + kegg:C01650 = kegg:C00020 + kegg:C00013 + kegg:C02553,"{6: -1.0, 53: -1.0, 74617: -1.0, 17: 1.0, 14: 1.0, 74581: 1.0}",259
259,kegg:C00002 + kegg:C00079 + kegg:C01648 = kegg:C00020 + kegg:C00013 + kegg:C03511,"{6: -1.0, 91: -1.0, 74563: -1.0, 17: 1.0, 14: 1.0, 74409: 1.0}",260
260,kegg:C00002 + kegg:C00082 + kegg:C00787 = kegg:C00020 + kegg:C00013 + kegg:C02839,"{6: -1.0, 73: -1.0, 74549: -1.0, 17: 1.0, 14: 1.0, 74416: 1.0}",261
261,kegg:C00002 + kegg:C00085 = kegg:C00008 + kegg:C00354,"{6: -1.0, 125172: -1.0, 10: 1.0, 396: 1.0}",262
262,kegg:C00002 + kegg:C00095 = kegg:C00008 + kegg:C00085,"{6: -1.0, 1260: -1.0, 10: 1.0, 125172: 1.0}",263
263,kegg:C00002 + kegg:C00100 + kegg:C00288 = kegg:C00008 + kegg:C00009 + kegg:C02557,"{6: -1.0, 81: -1.0, 60: -1.0, 10: 1.0, 12: 1.0, 131807: 1.0}",264
264,kegg:C00002 + kegg:C00103 = kegg:C00498 + kegg:C00013,"{6: -1.0, 74381: -1.0, 532: 1.0, 14: 1.0}",265
265,kegg:C00002 + kegg:C00104 = kegg:C00008 + kegg:C00081,"{6: -1.0, 472: -1.0, 10: 1.0, 402: 1.0}",266
266,kegg:C00002 + kegg:C00116 = kegg:C00008 + kegg:C00093,"{6: -1.0, 74384: -1.0, 10: 1.0, 64: 1.0}",267
267,kegg:C00002 + kegg:C00117 = kegg:C00020 + kegg:C00119,"{6: -1.0, 109: -1.0, 17: 1.0, 86: 1.0}",268
268,kegg:C00002 + kegg:C00124 = kegg:C00008 + kegg:C03384,"{6: -1.0, 369: -1.0, 10: 1.0, 318: 1.0}",269
269,kegg:C00002 + kegg:C00135 + kegg:C01643 = kegg:C00020 + kegg:C00013 + kegg:C02988,"{6: -1.0, 126: -1.0, 74586: -1.0, 17: 1.0, 14: 1.0, 74417: 1.0}",270
270,kegg:C00002 + kegg:C00144 = kegg:C00008 + kegg:C00035,"{6: -1.0, 106: -1.0, 10: 1.0, 32: 1.0}",271
271,kegg:C00002 + kegg:C00158 + kegg:C00010 = kegg:C00008 + kegg:C00009 + kegg:C00024 + kegg:C00036,"{6: -1.0, 123: -1.0, 15: -1.0, 10: 1.0, 12: 1.0, 23: 1.0, 48: 1.0}",272
272,kegg:C00002 + kegg:C00159 = kegg:C00008 + kegg:C00275,"{6: -1.0, 172: -1.0, 10: 1.0, 29047: 1.0}",273
273,kegg:C00002 + kegg:C00163 + kegg:C00010 = kegg:C00020 + kegg:C00013 + kegg:C00100,"{6: -1.0, 337: -1.0, 15: -1.0, 17: 1.0, 14: 1.0, 81: 1.0}",274
274,kegg:C00002 + kegg:C00183 + kegg:C01653 = kegg:C00020 + kegg:C00013 + kegg:C02554,"{6: -1.0, 188: -1.0, 74592: -1.0, 17: 1.0, 14: 1.0, 74452: 1.0}",275
275,kegg:C00002 + kegg:C00188 + kegg:C01651 = kegg:C00020 + kegg:C00013 + kegg:C02992,"{6: -1.0, 134: -1.0, 74591: -1.0, 17: 1.0, 14: 1.0, 74424: 1.0}",276
276,kegg:C00002 + kegg:C00197 = kegg:C00008 + kegg:C00236,"{6: -1.0, 118: -1.0, 10: 1.0, 248: 1.0}",277
277,kegg:C00002 + kegg:C00239 = kegg:C00008 + kegg:C00705,"{6: -1.0, 253: -1.0, 10: 1.0, 390: 1.0}",278
278,kegg:C00002 + kegg:C00300 = kegg:C00008 + kegg:C02305,"{6: -1.0, 379: -1.0, 10: 1.0, 74456: 1.0}",279
279,kegg:C00002 + kegg:C00327 + kegg:C00049 = kegg:C00020 + kegg:C00013 + kegg:C03406,"{6: -1.0, 199: -1.0, 44: -1.0, 17: 1.0, 14: 1.0, 522: 1.0}",280
280,kegg:C00002 + kegg:C00362 = kegg:C00008 + kegg:C00361,"{6: -1.0, 518: -1.0, 10: 1.0, 415: 1.0}",281
281,kegg:C00002 + kegg:C00364 = kegg:C00008 + kegg:C00363,"{6: -1.0, 244: -1.0, 10: 1.0, 144: 1.0}",282
282,kegg:C00002 + kegg:C00407 + kegg:C01644 = kegg:C00020 + kegg:C00013 + kegg:C03127,"{6: -1.0, 218: -1.0, 74587: -1.0, 17: 1.0, 14: 1.0, 74418: 1.0}",283
283,kegg:C00002 + kegg:C00455 = kegg:C00003 + kegg:C00013,"{6: -1.0, 336: -1.0, 11: 1.0, 14: 1.0}",284
284,kegg:C00002 + kegg:C00581 = kegg:C00008 + kegg:C03166,"{6: -1.0, 557: -1.0, 10: 1.0, 4136: 1.0}",285
285,kegg:C00002 + kegg:C00882 = kegg:C00008 + kegg:C00010,"{6: -1.0, 459: -1.0, 10: 1.0, 15: 1.0}",286
286,kegg:C00002 + kegg:C01003 = kegg:C00008 + kegg:C03875,"{6: -1.0, 75265: -1.0, 10: 1.0, 74860: 1.0}",287
287,kegg:C00002 + kegg:C01107 = kegg:C00008 + kegg:C01143,"{6: -1.0, 537: -1.0, 10: 1.0, 654: 1.0}",288
288,kegg:C00002 + kegg:C01194 = kegg:C00008 + kegg:C01277,"{6: -1.0, 62: -1.0, 10: 1.0, 114: 1.0}",289
289,kegg:C00002 + kegg:C01281 = kegg:C00013 + kegg:C01299,"{6: -1.0, 75269: -1.0, 14: 1.0, 74806: 1.0}",290
290,kegg:C00002 + kegg:C01563 = kegg:C00008 + kegg:C00169,"{6: -1.0, 701: -1.0, 10: 1.0, 130: 1.0}",291
291,kegg:C00002 + kegg:C01959 = kegg:C00008 + kegg:C03149,"{6: -1.0, 2930: -1.0, 10: 1.0, 4521: 1.0}",292
292,kegg:C00002 + kegg:C14177 = kegg:C00008 + kegg:C14178,"{6: -1.0, 46934: -1.0, 10: 1.0, 3507: 1.0}",293
293,kegg:C00002 = kegg:C00575 + kegg:C00013,"{6: -1.0, 230: 1.0, 14: 1.0}",294
294,kegg:C00003 + kegg:C00001 = kegg:C00153 + kegg:C01882,"{11: -1.0, 5: -1.0, 204: 1.0, 36269: 1.0}",295
295,kegg:C00003 + kegg:C00001 = kegg:C00455 + kegg:C00020,"{11: -1.0, 5: -1.0, 336: 1.0, 17: 1.0}",296
296,kegg:C00003 + kegg:C00005 = kegg:C00004 + kegg:C00006,"{11: -1.0, 9: -1.0, 13: 1.0, 8: 1.0}",297
297,kegg:C00004 + kegg:C00006 = kegg:C00003 + kegg:C00005,"{13: -1.0, 8: -1.0, 11: 1.0, 9: 1.0}",298
298,kegg:C00008 + kegg:C00001 = kegg:C00020 + kegg:C00009,"{10: -1.0, 5: -1.0, 17: 1.0, 12: 1.0}",299
299,kegg:C00008 + kegg:C00103 = kegg:C00498 + kegg:C00009,"{10: -1.0, 74381: -1.0, 532: 1.0, 12: 1.0}",300
300,kegg:C00010 + kegg:C00033 + kegg:C00002 = kegg:C00024 + kegg:C00008 + kegg:C00009,"{15: -1.0, 28: -1.0, 6: -1.0, 23: 1.0, 10: 1.0, 12: 1.0}",301
301,kegg:C00010 + kegg:C00127 = kegg:C00920 + kegg:C00051,"{15: -1.0, 143: -1.0, 1974: 1.0, 57: 1.0}",302
302,kegg:C00013 + kegg:C00001 = 2 kegg:C00009,"{14: -1.0, 5: -1.0, 12: 2.0}",303
303,kegg:C00013 + kegg:C00036 + kegg:C00001 = kegg:C00009 + kegg:C00074 + kegg:C00288,"{14: -1.0, 48: -1.0, 5: -1.0, 12: 1.0, 70: 1.0, 60: 1.0}",304
304,kegg:C00013 + kegg:C00065 = kegg:C00009 + kegg:C01005,"{14: -1.0, 53: -1.0, 12: 1.0, 359: 1.0}",305
305,kegg:C00013 + kegg:C00085 = kegg:C00009 + kegg:C00354,"{14: -1.0, 125172: -1.0, 12: 1.0, 396: 1.0}",306
306,kegg:C00019 + kegg:C00155 = kegg:C00021 + kegg:C00073,"{19: -1.0, 88364: -1.0, 21: 1.0, 61: 1.0}",307
307,kegg:C00020 + kegg:C00001 = kegg:C00130 + kegg:C00014,"{17: -1.0, 5: -1.0, 117: 1.0, 18: 1.0}",308
308,kegg:C00020 + kegg:C00001 = kegg:C00147 + kegg:C00117,"{17: -1.0, 5: -1.0, 160: 1.0, 109: 1.0}",309
309,kegg:C00020 + kegg:C00001 = kegg:C00212 + kegg:C00009,"{17: -1.0, 5: -1.0, 200: 1.0, 12: 1.0}",310
310,kegg:C00020 + kegg:C00013 = kegg:C00147 + kegg:C00119,"{17: -1.0, 14: -1.0, 160: 1.0, 86: 1.0}",311
311,kegg:C00021 + kegg:C00001 = kegg:C00212 + kegg:C00155,"{21: -1.0, 5: -1.0, 200: 1.0, 88364: 1.0}",312
312,kegg:C00022 + kegg:C00009 = kegg:C00227 + kegg:C00058,"{25: -1.0, 12: -1.0, 266: 1.0, 41: 1.0}",313
313,kegg:C00024 + kegg:C00009 = kegg:C00010 + kegg:C00227,"{23: -1.0, 12: -1.0, 15: 1.0, 266: 1.0}",314
314,kegg:C00024 + kegg:C00058 = kegg:C00010 + kegg:C00022,"{23: -1.0, 41: -1.0, 15: 1.0, 25: 1.0}",315
315,kegg:C00024 + kegg:C00065 = kegg:C00010 + kegg:C00979,"{23: -1.0, 53: -1.0, 15: 1.0, 397: 1.0}",316
316,kegg:C00024 + kegg:C00114 = kegg:C00010 + kegg:C01996,"{23: -1.0, 85: -1.0, 15: 1.0, 745: 1.0}",317
317,kegg:C00024 + kegg:C00164 = kegg:C00332 + kegg:C00033,"{23: -1.0, 146: -1.0, 125: 1.0, 28: 1.0}",318
318,kegg:C00024 + kegg:C00229 = kegg:C00010 + kegg:C03939,"{23: -1.0, 858: -1.0, 15: 1.0, 1168: 1.0}",319
319,kegg:C00024 + kegg:C00318 = kegg:C00010 + kegg:C02571,"{23: -1.0, 164: -1.0, 15: 1.0, 951: 1.0}",320
320,kegg:C00024 + kegg:C06021 = kegg:C00237 + kegg:C06020 + kegg:C00010,"{23: -1.0, 4870: -1.0, 8576: 1.0, 4969: 1.0, 15: 1.0}",321
321,kegg:C00025 + COCO:COCOM00012 + kegg:C00001 = kegg:C00026 + COCO:COCOM00013 + kegg:C00014,"{74378: -1.0, 694323: -1.0, 5: -1.0, 22: 1.0, 694324: 1.0, 18: 1.0}",322
322,kegg:C00025 + kegg:C00003 + kegg:C00001 = kegg:C00026 + kegg:C00004 + kegg:C00014,"{74378: -1.0, 11: -1.0, 5: -1.0, 22: 1.0, 13: 1.0, 18: 1.0}",323
323,kegg:C00025 + kegg:C00006 + kegg:C00001 = kegg:C00026 + kegg:C00005 + kegg:C00014,"{74378: -1.0, 8: -1.0, 5: -1.0, 22: 1.0, 9: 1.0, 18: 1.0}",324
324,kegg:C00025 + kegg:C00149 + kegg:C00003 = kegg:C00049 + kegg:C00026 + kegg:C00004,"{74378: -1.0, 92: -1.0, 11: -1.0, 44: 1.0, 22: 1.0, 13: 1.0}",325
325,kegg:C00025 = kegg:C00217,"{74378: -1.0, 313: 1.0}",326
326,kegg:C00027 = 0.5 kegg:C00007 + kegg:C00001,"{24: -1.0, 7: 0.5, 5: 1.0}",327
327,kegg:C00029 + kegg:C00085 = kegg:C00015 + kegg:C16688,"{52: -1.0, 125172: -1.0, 20: 1.0, 691168: 1.0}",328
328,kegg:C00029 + kegg:C00092 = kegg:C00015 + kegg:C00689,"{52: -1.0, 152: -1.0, 20: 1.0, 427: 1.0}",329
329,kegg:C00029 + kegg:C00095 = kegg:C00015 + kegg:C00089,"{52: -1.0, 1260: -1.0, 20: 1.0, 159: 1.0}",330
330,kegg:C00029 + kegg:C00482 = kegg:C00015 + kegg:C01175,"{52: -1.0, 1035: -1.0, 20: 1.0, 1197: 1.0}",331
331,kegg:C00029 + kegg:C03384 = kegg:C00103 + kegg:C00052,"{52: -1.0, 318: -1.0, 74381: 1.0, 74408: 1.0}",332
332,kegg:C00029 = kegg:C00052,"{52: -1.0, 74408: 1.0}",333
333,kegg:C00031 + kegg:C00003 = kegg:C00198 + kegg:C00004,"{43: -1.0, 11: -1.0, 321: 1.0, 13: 1.0}",334
334,kegg:C00031 + kegg:C00006 = kegg:C00198 + kegg:C00005,"{43: -1.0, 8: -1.0, 321: 1.0, 9: 1.0}",335
335,kegg:C00031 + kegg:C00007 = kegg:C00198 + kegg:C00027,"{43: -1.0, 7: -1.0, 321: 1.0, 24: 1.0}",336
336,kegg:C00031 = kegg:C00095,"{43: -1.0, 1260: 1.0}",337
337,kegg:C00031 = kegg:C00159,"{43: -1.0, 172: 1.0}",338
338,kegg:C00035 + 2 kegg:C00001 = kegg:C00387 + 2 kegg:C00009,"{32: -1.0, 5: -2.0, 380: 1.0, 12: 2.0}",339
339,kegg:C00036 + kegg:C00024 + kegg:C00001 = kegg:C00158 + kegg:C00010,"{48: -1.0, 23: -1.0, 5: -1.0, 123: 1.0, 15: 1.0}",340
340,kegg:C00036 + kegg:C00100 = kegg:C00022 + kegg:C02557,"{48: -1.0, 81: -1.0, 25: 1.0, 131807: 1.0}",341
341,kegg:C00036 = kegg:C03981,"{48: -1.0, 132889: 1.0}",342
342,kegg:C00037 + kegg:C00003 + kegg:C00101 = kegg:C00143 + kegg:C00004 + kegg:C00014 + kegg:C00288 ,"{31: -1.0, 11: -1.0, 74383: -1.0, 173: 1.0, 13: 1.0, 18: 1.0, 60: 1.0}",343
343,kegg:C00037 + kegg:C00036 = kegg:C00048 + kegg:C00049,"{31: -1.0, 48: -1.0, 66: 1.0, 44: 1.0}",344
344,kegg:C00037 + kegg:C00067 = kegg:C00065,"{31: -1.0, 56: -1.0, 53: 1.0}",345
345,kegg:C00037 + kegg:C00084 = kegg:C00188,"{31: -1.0, 72: -1.0, 134: 1.0}",346
346,kegg:C00037 + kegg:C00725 = metanetx.chemical:MNXM39260 + kegg:C00288,"{31: -1.0, 691214: -1.0, 27863: 1.0, 60: 1.0}",347
347,kegg:C00041 + kegg:C00003 + kegg:C00001 = kegg:C00022 + kegg:C00004 + kegg:C00014,"{34: -1.0, 11: -1.0, 5: -1.0, 25: 1.0, 13: 1.0, 18: 1.0}",348
348,kegg:C00041 + kegg:C00026 = kegg:C00022 + kegg:C00025,"{34: -1.0, 22: -1.0, 25: 1.0, 74378: 1.0}",349
349,kegg:C00041 + kegg:C00168 = kegg:C00065 + kegg:C00022,"{34: -1.0, 371: -1.0, 53: 1.0, 25: 1.0}",350
350,kegg:C00041 + kegg:C00222 = kegg:C00099 + kegg:C00022,"{34: -1.0, 231: -1.0, 136: 1.0, 25: 1.0}",351
351,kegg:C00041 + kegg:C05665 = kegg:C00022 + kegg:C00986,"{34: -1.0, 470: -1.0, 25: 1.0, 331: 1.0}",352
352,kegg:C00041 = kegg:C00133,"{34: -1.0, 148: 1.0}",353
353,kegg:C00043 = kegg:C00203,"{49: -1.0, 131777: 1.0}",354
354,kegg:C00044 + 3 kegg:C00001 = kegg:C00387 + 3 kegg:C00009,"{51: -1.0, 5: -3.0, 380: 1.0, 12: 3.0}",355
355,kegg:C00044 + kegg:C00001 = kegg:C00035 + kegg:C00009,"{51: -1.0, 5: -1.0, 32: 1.0, 12: 1.0}",356
356,kegg:C00044 + kegg:C00001 = kegg:C05922,"{51: -1.0, 5: -1.0, 41023: 1.0}",357
357,kegg:C00044 + kegg:C00020 = kegg:C00008 + kegg:C00035,"{51: -1.0, 17: -1.0, 10: 1.0, 32: 1.0}",358
358,kegg:C00044 + kegg:C00042 + kegg:C00010 = kegg:C00035 + kegg:C00009 + kegg:C00091,"{51: -1.0, 27: -1.0, 15: -1.0, 32: 1.0, 12: 1.0, 87: 1.0}",359
359,kegg:C00044 + kegg:C00103 = kegg:C00394 + kegg:C00013,"{51: -1.0, 74381: -1.0, 74447: 1.0, 14: 1.0}",360
360,kegg:C00044 + kegg:C00130 + kegg:C00049 = kegg:C00035 + kegg:C00009 + kegg:C03794,"{51: -1.0, 117: -1.0, 44: -1.0, 32: 1.0, 12: 1.0, 536: 1.0}",361
361,kegg:C00044 + kegg:C00636 = kegg:C00096 + kegg:C00013,"{51: -1.0, 785: -1.0, 78: 1.0, 14: 1.0}",362
362,kegg:C00047 = kegg:C00739,"{75: -1.0, 903: 1.0}",363
363,kegg:C00047 = kegg:C01142,"{75: -1.0, 1667: 1.0}",364
364,kegg:C00048 + kegg:C00010 + kegg:C00006 = kegg:C00313 + kegg:C00005,"{66: -1.0, 15: -1.0, 8: -1.0, 588: 1.0, 9: 1.0}",365
365,kegg:C00049 + kegg:C00026 = kegg:C00036 + kegg:C00025,"{44: -1.0, 22: -1.0, 48: 1.0, 74378: 1.0}",366
366,kegg:C00049 = kegg:C00122 + kegg:C00014,"{44: -1.0, 88: 1.0, 18: 1.0}",367
367,kegg:C00058 + kegg:C00003 + kegg:C00001 = kegg:C00288 + kegg:C00004,"{41: -1.0, 11: -1.0, 5: -1.0, 60: 1.0, 13: 1.0}",368
368,kegg:C00058 + kegg:C00006 + kegg:C00001 = kegg:C00288 + kegg:C00005,"{41: -1.0, 8: -1.0, 5: -1.0, 60: 1.0, 9: 1.0}",369
369,kegg:C00062 + kegg:C00001 = kegg:C00077 + kegg:C00086,"{67: -1.0, 5: -1.0, 74395: 1.0, 110: 1.0}",370
370,kegg:C00062 + kegg:C00001 = kegg:C00327 + kegg:C00014,"{67: -1.0, 5: -1.0, 199: 1.0, 18: 1.0}",371
371,kegg:C00062 + kegg:C00037 = kegg:C00077 + kegg:C00581,"{67: -1.0, 31: -1.0, 74395: 1.0, 557: 1.0}",372
372,kegg:C00063 + kegg:C00103 = kegg:C00501 + kegg:C00013,"{63: -1.0, 74381: -1.0, 33905: 1.0, 14: 1.0}",373
373,kegg:C00063 + kegg:C00346 = kegg:C00013 + kegg:C00570,"{63: -1.0, 177: -1.0, 14: 1.0, 428: 1.0}",374
374,kegg:C00063 + kegg:C00588 = kegg:C00013 + kegg:C00307,"{63: -1.0, 216: -1.0, 14: 1.0, 269: 1.0}",375
375,kegg:C00064 + kegg:C00001 = kegg:C00025 + kegg:C00014,"{39: -1.0, 5: -1.0, 74378: 1.0, 18: 1.0}",376
376,kegg:C00064 + kegg:C00022 = kegg:C00940 + kegg:C00041,"{39: -1.0, 25: -1.0, 545: 1.0, 34: 1.0}",377
377,kegg:C00064 + kegg:C00048 = kegg:C00940 + kegg:C00037,"{39: -1.0, 66: -1.0, 545: 1.0, 31: 1.0}",378
378,kegg:C00065 = kegg:C00022 + kegg:C00014,"{53: -1.0, 25: 1.0, 18: 1.0}",379
379,kegg:C00074 + kegg:C00001 = kegg:C00022 + kegg:C00009,"{70: -1.0, 5: -1.0, 25: 1.0, 12: 1.0}",380
380,kegg:C00074 + kegg:C00279 + kegg:C00001 = kegg:C04691 + kegg:C00009,"{70: -1.0, 245: -1.0, 5: -1.0, 1126: 1.0, 12: 1.0}",381
381,kegg:C00074 = kegg:C02798,"{70: -1.0, 1122: 1.0}",382
382,kegg:C00075 + kegg:C00103 = kegg:C00013 + kegg:C00029,"{113: -1.0, 74381: -1.0, 14: 1.0, 52: 1.0}",383
383,kegg:C00075 + kegg:C00105 = 2 kegg:C00015,"{113: -1.0, 77: -1.0, 20: 2.0}",384
384,kegg:C00075 + kegg:C04256 = kegg:C00043 + kegg:C00013,"{113: -1.0, 74429: -1.0, 49: 1.0, 14: 1.0}",385
385,kegg:C00077 + kegg:C00026 = kegg:C03912 + kegg:C00025,"{74395: -1.0, 22: -1.0, 285: 1.0, 74378: 1.0}",386
386,kegg:C00078 + kegg:C00001 = kegg:C00463 + kegg:C00022 + kegg:C00014,"{89: -1.0, 5: -1.0, 357: 1.0, 25: 1.0, 18: 1.0}",387
387,kegg:C00079 + kegg:C00026 = kegg:C00166 + kegg:C00025,"{91: -1.0, 22: -1.0, 557745: 1.0, 74378: 1.0}",388
388,kegg:C00079 = kegg:C00423 + kegg:C00014,"{91: -1.0, 417: 1.0, 18: 1.0}",389
389,kegg:C00081 + kegg:C00001 = kegg:C00104 + kegg:C00009,"{402: -1.0, 5: -1.0, 472: 1.0, 12: 1.0}",390
390,kegg:C00081 + kegg:C00001 = kegg:C00130 + kegg:C00013,"{402: -1.0, 5: -1.0, 117: 1.0, 14: 1.0}",391
391,kegg:C00081 + kegg:C00036 + kegg:C00001 = kegg:C00104 + kegg:C00074 + kegg:C00288,"{402: -1.0, 48: -1.0, 5: -1.0, 472: 1.0, 70: 1.0, 60: 1.0}",392
392,kegg:C00082 + kegg:C00026 = kegg:C01179 + kegg:C00025,"{73: -1.0, 22: -1.0, 145: 1.0, 74378: 1.0}",393
393,kegg:C00083 + kegg:C00229 = kegg:C00010 + kegg:C01209,"{42: -1.0, 858: -1.0, 15: 1.0, 174: 1.0}",394
394,kegg:C00084 + kegg:C00010 + kegg:C00003 = kegg:C00024 + kegg:C00004,"{72: -1.0, 15: -1.0, 11: -1.0, 23: 1.0, 13: 1.0}",395
395,kegg:C00085 + kegg:C00001 = kegg:C00095 + kegg:C00009,"{125172: -1.0, 5: -1.0, 1260: 1.0, 12: 1.0}",396
396,kegg:C00085 + kegg:C00118 = kegg:C00279 + kegg:C00231,"{125172: -1.0, 71: -1.0, 245: 1.0, 176: 1.0}",397
397,kegg:C00085 + kegg:C00266 = kegg:C02045 + kegg:C00279,"{125172: -1.0, 330: -1.0, 46145: 1.0, 245: 1.0}",398
398,kegg:C00085 + kegg:C01231 = kegg:C00092 + kegg:C00354,"{125172: -1.0, 1556: -1.0, 152: 1.0, 396: 1.0}",399
399,kegg:C00086 + 2 kegg:C00001 = 2 kegg:C00014 + kegg:C00288,"{110: -1.0, 5: -2.0, 18: 2.0, 60: 1.0}",400
400,kegg:C00089 + kegg:C00001 = kegg:C00031 + kegg:C00095,"{159: -1.0, 5: -1.0, 43: 1.0, 1260: 1.0}",401
401,kegg:C00089 + kegg:C00009 = kegg:C00103 + kegg:C00095,"{159: -1.0, 12: -1.0, 74381: 1.0, 1260: 1.0}",402
402,kegg:C00091 + kegg:C00164 = kegg:C00042 + kegg:C00332,"{87: -1.0, 146: -1.0, 27: 1.0, 125: 1.0}",403
403,kegg:C00092 + kegg:C00001 = kegg:C00031 + kegg:C00009,"{152: -1.0, 5: -1.0, 43: 1.0, 12: 1.0}",404
404,kegg:C00092 + kegg:C00006 + kegg:C00001 = kegg:C00345 + kegg:C00005,"{152: -1.0, 8: -1.0, 5: -1.0, 307: 1.0, 9: 1.0}",405
405,kegg:C00092 + kegg:C00006 = kegg:C01236 + kegg:C00005,"{152: -1.0, 8: -1.0, 408: 1.0, 9: 1.0}",406
406,kegg:C00092 = kegg:C00085,"{152: -1.0, 125172: 1.0}",407
407,kegg:C00093 + kegg:C00003 = kegg:C00111 + kegg:C00004,"{64: -1.0, 11: -1.0, 74: 1.0, 13: 1.0}",408
408,kegg:C00095 + kegg:C00006 = kegg:C00273 + kegg:C00005,"{1260: -1.0, 8: -1.0, 799: 1.0, 9: 1.0}",409
409,kegg:C00095 + kegg:C00118 = kegg:C00085 + kegg:C00577,"{1260: -1.0, 71: -1.0, 125172: 1.0, 414: 1.0}",410
410,kegg:C00096 = kegg:C02280,"{78: -1.0, 1294: 1.0}",411
411,kegg:C00100 + kegg:C00318 = kegg:C00010 + kegg:C03017,"{81: -1.0, 164: -1.0, 15: 1.0, 2694: 1.0}",412
412,kegg:C00101 + kegg:C00006 = kegg:C00415 + kegg:C00005,"{74383: -1.0, 8: -1.0, 267: 1.0, 9: 1.0}",413
413,kegg:C00101 + kegg:C00067 = kegg:C00143,"{74383: -1.0, 56: -1.0, 173: 1.0}",414
414,kegg:C00103 = kegg:C00092,"{74381: -1.0, 152: 1.0}",415
415,kegg:C00116 + kegg:C00003 = kegg:C00184 + kegg:C00004,"{74384: -1.0, 11: -1.0, 438: 1.0, 13: 1.0}",416
416,kegg:C00116 + kegg:C00006 = kegg:C00577 + kegg:C00005,"{74384: -1.0, 8: -1.0, 414: 1.0, 9: 1.0}",417
417,kegg:C00117 + kegg:C00001 = kegg:C00121 + kegg:C00009,"{109: -1.0, 5: -1.0, 229: 1.0, 12: 1.0}",418
418,kegg:C00117 = kegg:C00199,"{109: -1.0, 137: 1.0}",419
419,kegg:C00118 + kegg:C00008 + kegg:C00003 + kegg:C00009 = kegg:C00197 + kegg:C00002 + kegg:C00004,"{71: -1.0, 10: -1.0, 11: -1.0, 12: -1.0, 118: 1.0, 6: 1.0, 13: 1.0}",420
420,kegg:C00118 + kegg:C00009 + kegg:C00003 = kegg:C00236 + kegg:C00004,"{71: -1.0, 12: -1.0, 11: -1.0, 248: 1.0, 13: 1.0}",421
421,kegg:C00118 + kegg:C00463 = kegg:C03506,"{71: -1.0, 357: -1.0, 807: 1.0}",422
422,kegg:C00118 = kegg:C00111,"{71: -1.0, 74: 1.0}",423
423,kegg:C00121 = kegg:C00309,"{229: -1.0, 29687: 1.0}",424
424,kegg:C00122 + kegg:C00001 = kegg:C00149,"{88: -1.0, 5: -1.0, 92: 1.0}",425
425,kegg:C00123 + kegg:C00003 + kegg:C00001 = kegg:C00233 + kegg:C00004 + kegg:C00014,"{132: -1.0, 11: -1.0, 5: -1.0, 383: 1.0, 13: 1.0, 18: 1.0}",426
426,kegg:C00123 + kegg:C00026 = kegg:C00233 + kegg:C00025,"{132: -1.0, 22: -1.0, 383: 1.0, 74378: 1.0}",427
427,kegg:C00123 = kegg:C01570,"{132: -1.0, 6927: 1.0}",428
428,kegg:C00124 + kegg:C00003 = kegg:C03383 + kegg:C00004,"{369: -1.0, 11: -1.0, 2646: 1.0, 13: 1.0}",429
429,kegg:C00129 = kegg:C00235,"{79: -1.0, 124: 1.0}",430
430,kegg:C00130 + kegg:C00001 = kegg:C00294 + kegg:C00009,"{117: -1.0, 5: -1.0, 316: 1.0, 12: 1.0}",431
431,kegg:C00130 + kegg:C00013 = kegg:C00262 + kegg:C00119,"{117: -1.0, 14: -1.0, 201: 1.0, 86: 1.0}",432
432,kegg:C00133 + kegg:C00026 = kegg:C00022 + kegg:C00217,"{148: -1.0, 22: -1.0, 25: 1.0, 313: 1.0}",433
433,kegg:C00135 = kegg:C00785 + kegg:C00014,"{126: -1.0, 664: 1.0, 18: 1.0}",434
434,kegg:C00140 = kegg:C00645,"{135: -1.0, 2133: 1.0}",435
435,kegg:C00143 + COCO:COCOM00012 = kegg:C00445 + COCO:COCOM00013,"{173: -1.0, 694323: -1.0, 487: 1.0, 694324: 1.0}",436
436,kegg:C00143 + kegg:C00003 = kegg:C00445 + kegg:C00004,"{173: -1.0, 11: -1.0, 487: 1.0, 13: 1.0}",437
437,kegg:C00143 + kegg:C00006 = kegg:C00234 + kegg:C00005,"{173: -1.0, 8: -1.0, 224: 1.0, 9: 1.0}",438
438,kegg:C00143 + kegg:C00006 = kegg:C00445 + kegg:C00005,"{173: -1.0, 8: -1.0, 487: 1.0, 9: 1.0}",439
439,kegg:C00143 + kegg:C00037 + kegg:C00001 = kegg:C00101 + kegg:C00065,"{173: -1.0, 31: -1.0, 5: -1.0, 74383: 1.0, 53: 1.0}",440
440,kegg:C00143 + kegg:C00365 = kegg:C00415 + kegg:C00364,"{173: -1.0, 221: -1.0, 267: 1.0, 244: 1.0}",441
441,kegg:C00144 + kegg:C00001 = kegg:C00387 + kegg:C00009,"{106: -1.0, 5: -1.0, 380: 1.0, 12: 1.0}",442
442,kegg:C00144 + kegg:C00262 = kegg:C00130 + kegg:C00242,"{106: -1.0, 201: -1.0, 117: 1.0, 246: 1.0}",443
443,kegg:C00147 + kegg:C00119 = kegg:C00020 + kegg:C00013,"{160: -1.0, 86: -1.0, 17: 1.0, 14: 1.0}",444
444,kegg:C00148 + kegg:C00006 = kegg:C03564 + kegg:C00005,"{107: -1.0, 8: -1.0, 886: 1.0, 9: 1.0}",445
445,kegg:C00148 + kegg:C00006 = kegg:C03912 + kegg:C00005,"{107: -1.0, 8: -1.0, 285: 1.0, 9: 1.0}",446
446,kegg:C00149 + kegg:C00003 + kegg:C00001 = kegg:C00022 + kegg:C00004 + kegg:C00288,"{92: -1.0, 11: -1.0, 5: -1.0, 25: 1.0, 13: 1.0, 60: 1.0}",447
447,kegg:C00149 + kegg:C00003 = kegg:C00036 + kegg:C00004,"{92: -1.0, 11: -1.0, 48: 1.0, 13: 1.0}",448
448,kegg:C00149 + kegg:C00006 + kegg:C00001 = kegg:C00022 + kegg:C00005 + kegg:C00288,"{92: -1.0, 8: -1.0, 5: -1.0, 25: 1.0, 9: 1.0, 60: 1.0}",449
449,kegg:C00149 + kegg:C00024 + kegg:C00003 + kegg:C00001 = kegg:C00158 + kegg:C00010 + kegg:C00004,"{92: -1.0, 23: -1.0, 11: -1.0, 5: -1.0, 123: 1.0, 15: 1.0, 13: 1.0}",450
450,kegg:C00152 + kegg:C00001 = kegg:C00049 + kegg:C00014,"{139: -1.0, 5: -1.0, 44: 1.0, 18: 1.0}",451
451,kegg:C00153 + kegg:C00620 = kegg:C03150 + kegg:C00009,"{204: -1.0, 281: -1.0, 1032: 1.0, 12: 1.0}",452
452,kegg:C00154 + kegg:C00318 = kegg:C00010 + kegg:C02990,"{83: -1.0, 164: -1.0, 15: 1.0, 739: 1.0}",453
453,kegg:C00158 = kegg:C00033 + kegg:C00036,"{123: -1.0, 28: 1.0, 48: 1.0}",454
454,kegg:C00158 = kegg:C00417 + kegg:C00001,"{123: -1.0, 764: 1.0, 5: 1.0}",455
455,kegg:C00159 = kegg:C00095,"{172: -1.0, 1260: 1.0}",456
456,kegg:C00160 + kegg:C00003 = kegg:C00048 + kegg:C00004,"{210: -1.0, 11: -1.0, 66: 1.0, 13: 1.0}",457
457,kegg:C00166 = kegg:C02763,"{557745: -1.0, 198: 1.0}",458
458,kegg:C00167 = kegg:C00617,"{82: -1.0, 1011: 1.0}",459
459,kegg:C00169 + kegg:C00049 = kegg:C00009 + kegg:C00438,"{130: -1.0, 44: -1.0, 12: 1.0, 443: 1.0}",460
460,kegg:C00169 + kegg:C00077 = kegg:C00327 + kegg:C00009,"{130: -1.0, 74395: -1.0, 199: 1.0, 12: 1.0}",461
461,kegg:C00170 + kegg:C00009 = kegg:C00147 + kegg:C04188,"{142: -1.0, 12: -1.0, 160: 1.0, 386: 1.0}",462
462,kegg:C00181 = kegg:C00310,"{74603: -1.0, 567: 1.0}",463
463,kegg:C00183 + kegg:C00026 = kegg:C06255 + kegg:C00025,"{188: -1.0, 22: -1.0, 3723: 1.0, 74378: 1.0}",464
464,kegg:C00185 + kegg:C00001 = 2 kegg:C00031,"{1056: -1.0, 5: -1.0, 43: 2.0}",465
465,kegg:C00185 + kegg:C00009 = kegg:C00031 + kegg:C00103,"{1056: -1.0, 12: -1.0, 43: 1.0, 74381: 1.0}",466
466,kegg:C00186 + COCO:COCOM00012 = kegg:C00022 + COCO:COCOM00013,"{169: -1.0, 694323: -1.0, 25: 1.0, 694324: 1.0}",467
467,kegg:C00186 + kegg:C00003 = kegg:C00022 + kegg:C00004,"{169: -1.0, 11: -1.0, 25: 1.0, 13: 1.0}",468
468,kegg:C00186 + kegg:C00036 = kegg:C00149 + kegg:C00022,"{169: -1.0, 48: -1.0, 92: 1.0, 25: 1.0}",469
469,kegg:C00187 + 0.5 kegg:C00007 = kegg:C00599 + kegg:C00001,"{97: -1.0, 7: -0.5, 901: 1.0, 5: 1.0}",470
470,kegg:C00187 + kegg:C00007 = kegg:C00599 + kegg:C00027,"{97: -1.0, 7: -1.0, 901: 1.0, 24: 1.0}",471
471,kegg:C00191 = kegg:C00905,"{228: -1.0, 1498: 1.0}",472
472,kegg:C00197 + kegg:C00001 = kegg:C00258 + kegg:C00009,"{118: -1.0, 5: -1.0, 179: 1.0, 12: 1.0}",473
473,kegg:C00197 + kegg:C00003 = kegg:C03232 + kegg:C00004,"{118: -1.0, 11: -1.0, 514: 1.0, 13: 1.0}",474
474,kegg:C00199 + kegg:C00001 = kegg:C00309 + kegg:C00009,"{137: -1.0, 5: -1.0, 29687: 1.0, 12: 1.0}",475
475,kegg:C00199 + kegg:C00067 = kegg:C06019,"{137: -1.0, 56: -1.0, 1497: 1.0}",476
476,kegg:C00199 = kegg:C00231,"{137: -1.0, 176: 1.0}",477
477,kegg:C00204 = kegg:C00022 + kegg:C00577,"{419: -1.0, 25: 1.0, 414: 1.0}",478
478,kegg:C00208 + kegg:C00001 = 2 kegg:C00031,"{157: -1.0, 5: -1.0, 43: 2.0}",479
479,kegg:C00208 + kegg:C00009 = kegg:C00031 + kegg:C00103,"{157: -1.0, 12: -1.0, 43: 1.0, 74381: 1.0}",480
480,kegg:C00212 + kegg:C00001 = kegg:C00147 + kegg:C00121,"{200: -1.0, 5: -1.0, 160: 1.0, 229: 1.0}",481
481,kegg:C00212 + kegg:C00001 = kegg:C00294 + kegg:C00014,"{200: -1.0, 5: -1.0, 316: 1.0, 18: 1.0}",482
482,kegg:C00212 + kegg:C00009 = kegg:C00147 + kegg:C00620,"{200: -1.0, 12: -1.0, 160: 1.0, 281: 1.0}",483
483,kegg:C00214 + kegg:C00147 = kegg:C00559 + kegg:C00178,"{399: -1.0, 160: -1.0, 594: 1.0, 366: 1.0}",484
484,kegg:C00216 = kegg:C00121,"{516: -1.0, 229: 1.0}",485
485,kegg:C00216 = kegg:C00309,"{516: -1.0, 29687: 1.0}",486
486,kegg:C00217 = kegg:C02237 + kegg:C00001,"{313: -1.0, 3050: 1.0, 5: 1.0}",487
487,kegg:C00227 + kegg:C00001 = kegg:C00033 + kegg:C00009,"{266: -1.0, 5: -1.0, 28: 1.0, 12: 1.0}",488
488,kegg:C00227 + kegg:C01589 = kegg:C02560 + kegg:C00009,"{266: -1.0, 3684: -1.0, 4074: 1.0, 12: 1.0}",489
489,kegg:C00232 + kegg:C00005 = kegg:C00989 + kegg:C00006,"{163: -1.0, 9: -1.0, 489: 1.0, 8: 1.0}",490
490,kegg:C00234 + kegg:C04677 = kegg:C00101 + kegg:C04734,"{224: -1.0, 346: -1.0, 74383: 1.0, 435: 1.0}",491
491,kegg:C00242 + kegg:C00119 = kegg:C00144 + kegg:C00013,"{246: -1.0, 86: -1.0, 106: 1.0, 14: 1.0}",492
492,kegg:C00243 + 2 kegg:C00125 = kegg:C05403 + 2 kegg:C00126,"{343: -1.0, 4914: -2.0, 25462: 1.0, 704: 2.0}",493
493,kegg:C00243 + kegg:C00001 = kegg:C00124 + kegg:C00031,"{343: -1.0, 5: -1.0, 369: 1.0, 43: 1.0}",494
494,kegg:C00251 + kegg:C00014 = kegg:C00108 + kegg:C00022 + kegg:C00001,"{319: -1.0, 18: -1.0, 178: 1.0, 25: 1.0, 5: 1.0}",495
495,kegg:C00251 + kegg:C00014 = kegg:C11355 + kegg:C00001,"{319: -1.0, 18: -1.0, 1321: 1.0, 5: 1.0}",496
496,kegg:C00251 + kegg:C00014 = kegg:C18054 + kegg:C00001,"{319: -1.0, 18: -1.0, 1816: 1.0, 5: 1.0}",497
497,kegg:C00251 = kegg:C00156 + kegg:C00022,"{319: -1.0, 156: 1.0, 25: 1.0}",498
498,kegg:C00251 = kegg:C00254,"{319: -1.0, 479: 1.0}",499
499,kegg:C00251 = kegg:C00885,"{319: -1.0, 751: 1.0}",500
500,kegg:C00252 + kegg:C00001 = 2 kegg:C00031,"{44860: -1.0, 5: -1.0, 43: 2.0}",501
501,kegg:C00254 + kegg:C00003 = kegg:C01179 + kegg:C00004 + kegg:C00288,"{479: -1.0, 11: -1.0, 145: 1.0, 13: 1.0, 60: 1.0}",502
502,kegg:C00254 = kegg:C00166 + kegg:C00001 + kegg:C00288,"{479: -1.0, 557745: 1.0, 5: 1.0, 60: 1.0}",503
503,kegg:C00256 + kegg:C00003 = kegg:C00022 + kegg:C00004,"{271: -1.0, 11: -1.0, 25: 1.0, 13: 1.0}",504
504,kegg:C00257 + kegg:C00006 = kegg:C06473 + kegg:C00005,"{323: -1.0, 8: -1.0, 552: 1.0, 9: 1.0}",505
505,kegg:C00258 + kegg:C00003 = kegg:C00168 + kegg:C00004,"{179: -1.0, 11: -1.0, 371: 1.0, 13: 1.0}",506
506,kegg:C00258 + kegg:C00003 = kegg:C01146 + kegg:C00004,"{179: -1.0, 11: -1.0, 453: 1.0, 13: 1.0}",507
507,kegg:C00259 = kegg:C00508,"{439: -1.0, 650: 1.0}",508
508,kegg:C00262 + kegg:C00119 = kegg:C00130 + kegg:C00013,"{201: -1.0, 86: -1.0, 117: 1.0, 14: 1.0}",509
509,kegg:C00263 + kegg:C00003 = kegg:C00441 + kegg:C00004,"{334: -1.0, 11: -1.0, 342: 1.0, 13: 1.0}",510
510,kegg:C00263 + kegg:C00006 = kegg:C00441 + kegg:C00005,"{334: -1.0, 8: -1.0, 342: 1.0, 9: 1.0}",511
511,kegg:C00270 = kegg:C00645 + kegg:C00022,"{214: -1.0, 2133: 1.0, 25: 1.0}",512
512,kegg:C00275 + kegg:C00001 = kegg:C00159 + kegg:C00009,"{29047: -1.0, 5: -1.0, 172: 1.0, 12: 1.0}",513
513,kegg:C00275 = kegg:C00085,"{29047: -1.0, 125172: 1.0}",514
514,kegg:C00282 + kegg:C00003 = kegg:C00004,"{184: -1.0, 11: -1.0, 13: 1.0}",515
515,kegg:C00294 + kegg:C00001 = kegg:C00262 + kegg:C00121,"{316: -1.0, 5: -1.0, 201: 1.0, 229: 1.0}",516
516,kegg:C00294 + kegg:C00009 = kegg:C00262 + kegg:C00620,"{316: -1.0, 12: -1.0, 201: 1.0, 281: 1.0}",517
517,kegg:C00296 + kegg:C00003 = kegg:C00944 + kegg:C00004,"{65990: -1.0, 11: -1.0, 456: 1.0, 13: 1.0}",518
518,kegg:C00299 + kegg:C00009 = kegg:C00106 + kegg:C00620,"{274: -1.0, 12: -1.0, 150: 1.0, 281: 1.0}",519
519,kegg:C00311 + kegg:C00006 + kegg:C00001 = kegg:C00026 + kegg:C00005 + kegg:C00288,"{74392: -1.0, 8: -1.0, 5: -1.0, 22: 1.0, 9: 1.0, 60: 1.0}",520
520,kegg:C00311 = kegg:C00042 + kegg:C00048,"{74392: -1.0, 27: 1.0, 66: 1.0}",521
521,kegg:C00311 = kegg:C00158,"{74392: -1.0, 123: 1.0}",522
522,kegg:C00311 = kegg:C00417 + kegg:C00001,"{74392: -1.0, 764: 1.0, 5: 1.0}",523
523,kegg:C00314 + kegg:C00006 = kegg:C00250 + kegg:C00005,"{398: -1.0, 8: -1.0, 294: 1.0, 9: 1.0}",524
524,kegg:C00318 + kegg:C00003 = kegg:C02636 + kegg:C00004,"{164: -1.0, 11: -1.0, 1479: 1.0, 13: 1.0}",525
525,kegg:C00318 = kegg:C04114 + kegg:C00001,"{164: -1.0, 1449: 1.0, 5: 1.0}",526
526,kegg:C00333 = kegg:C00558,"{36159: -1.0, 1292: 1.0}",527
527,kegg:C00334 + kegg:C00026 = kegg:C00232 + kegg:C00025,"{181: -1.0, 22: -1.0, 163: 1.0, 74378: 1.0}",528
528,kegg:C00337 + COCO:COCOM00012 = kegg:C00295 + COCO:COCOM00013,"{239: -1.0, 694323: -1.0, 222: 1.0, 694324: 1.0}",529
529,kegg:C00337 + kegg:C00001 = kegg:C00438,"{239: -1.0, 5: -1.0, 443: 1.0}",530
530,kegg:C00337 + kegg:C00003 = kegg:C00295 + kegg:C00004,"{239: -1.0, 11: -1.0, 222: 1.0, 13: 1.0}",531
531,kegg:C00342 + kegg:C00006 = kegg:C00343 + kegg:C00005,"{75409: -1.0, 8: -1.0, 140: 1.0, 9: 1.0}",532
532,kegg:C00345 + kegg:C00006 + kegg:C00001 = kegg:C00199 + kegg:C00005 + kegg:C00288,"{307: -1.0, 8: -1.0, 5: -1.0, 137: 1.0, 9: 1.0, 60: 1.0}",533
533,kegg:C00352 + kegg:C00001 = kegg:C00085 + kegg:C00014,"{350: -1.0, 5: -1.0, 125172: 1.0, 18: 1.0}",534
534,kegg:C00352 = kegg:C06156,"{350: -1.0, 897: 1.0}",535
535,kegg:C00354 + kegg:C00001 = kegg:C00085 + kegg:C00009,"{396: -1.0, 5: -1.0, 125172: 1.0, 12: 1.0}",536
536,kegg:C00354 + kegg:C00001 = kegg:C01094 + kegg:C00009,"{396: -1.0, 5: -1.0, 116484: 1.0, 12: 1.0}",537
537,kegg:C00354 = 2 kegg:C00111,"{396: -1.0, 74: 2.0}",538
538,kegg:C00354 = kegg:C00111 + kegg:C00118,"{396: -1.0, 74: 1.0, 71: 1.0}",539
539,kegg:C00357 = kegg:C04257,"{49832: -1.0, 4070: 1.0}",540
540,kegg:C00366 + 0.5 kegg:C00007 + 2 kegg:C00001 = kegg:C01551 + kegg:C00288,"{420: -1.0, 7: -0.5, 5: -2.0, 582: 1.0, 60: 1.0}",541
541,kegg:C00376 = kegg:C02110,"{404: -1.0, 1611: 1.0}",542
542,kegg:C00379 + kegg:C00003 = kegg:C00310 + kegg:C00004,"{486: -1.0, 11: -1.0, 567: 1.0, 13: 1.0}",543
543,kegg:C00379 + kegg:C00006 = kegg:C00181 + kegg:C00005,"{486: -1.0, 8: -1.0, 74603: 1.0, 9: 1.0}",544
544,kegg:C00379 + kegg:C00006 = kegg:C00312 + kegg:C00005,"{486: -1.0, 8: -1.0, 1179: 1.0, 9: 1.0}",545
545,kegg:C00385 + kegg:C00001 + kegg:C00007 = kegg:C00366 + kegg:C00027,"{165: -1.0, 5: -1.0, 7: -1.0, 420: 1.0, 24: 1.0}",546
546,kegg:C00387 + kegg:C00009 = kegg:C00242 + kegg:C00620,"{380: -1.0, 12: -1.0, 246: 1.0, 281: 1.0}",547
547,kegg:C00392 + kegg:C00003 = kegg:C00095 + kegg:C00004,"{585: -1.0, 11: -1.0, 1260: 1.0, 13: 1.0}",548
548,kegg:C00392 + kegg:C00006 = kegg:C00095 + kegg:C00005,"{585: -1.0, 8: -1.0, 1260: 1.0, 9: 1.0}",549
549,kegg:C00408 + kegg:C00006 = kegg:C04092 + kegg:C00005,"{649: -1.0, 8: -1.0, 845: 1.0, 9: 1.0}",550
550,kegg:C00429 + kegg:C00001 = kegg:C02642,"{482: -1.0, 5: -1.0, 754: 1.0}",551
551,kegg:C00437 + kegg:C00025 = kegg:C00077 + kegg:C00624,"{767: -1.0, 74378: -1.0, 74395: 1.0, 689: 1.0}",552
552,kegg:C00440 + kegg:C00016 = kegg:C00143 + kegg:C01352,"{300: -1.0, 35: -1.0, 173: 1.0, 40: 1.0}",553
553,kegg:C00441 + kegg:C00006 + kegg:C00009 = kegg:C03082 + kegg:C00005,"{342: -1.0, 8: -1.0, 12: -1.0, 1088: 1.0, 9: 1.0}",554
554,kegg:C00445 + kegg:C00001 = kegg:C00234,"{487: -1.0, 5: -1.0, 224: 1.0}",555
555,kegg:C00449 + kegg:C00003 + kegg:C00001 = kegg:C00047 + kegg:C00026 + kegg:C00004,"{364: -1.0, 11: -1.0, 5: -1.0, 75: 1.0, 22: 1.0, 13: 1.0}",556
556,kegg:C00459 + kegg:C00103 = kegg:C00842 + kegg:C00013,"{373: -1.0, 74381: -1.0, 1256: 1.0, 14: 1.0}",557
557,kegg:C00463 + kegg:C00065 = kegg:C00078 + kegg:C00001,"{357: -1.0, 53: -1.0, 89: 1.0, 5: 1.0}",558
558,kegg:C00463 + kegg:C00118 = kegg:C03506,"{357: -1.0, 71: -1.0, 807: 1.0}",559
559,kegg:C00469 + COCO:COCOM00012 = kegg:C00084 + COCO:COCOM00013,"{287: -1.0, 694323: -1.0, 72: 1.0, 694324: 1.0}",560
560,kegg:C00469 + kegg:C00003 = kegg:C00084 + kegg:C00004,"{287: -1.0, 11: -1.0, 72: 1.0, 13: 1.0}",561
561,kegg:C00473 + kegg:C00003 = kegg:C00376 + kegg:C00004,"{131778: -1.0, 11: -1.0, 404: 1.0, 13: 1.0}",562
562,kegg:C00474 + kegg:C00003 = kegg:C00309 + kegg:C00004,"{66384: -1.0, 11: -1.0, 29687: 1.0, 13: 1.0}",563
563,kegg:C00475 + kegg:C00001 = kegg:C00299 + kegg:C00014,"{320: -1.0, 5: -1.0, 274: 1.0, 18: 1.0}",564
564,kegg:C00476 = kegg:C00310,"{10929: -1.0, 567: 1.0}",565
565,kegg:C00492 + kegg:C00001 = kegg:C05402 + kegg:C00095,"{590: -1.0, 5: -1.0, 1300: 1.0, 1260: 1.0}",566
566,kegg:C00493 + kegg:C00006 = kegg:C02637 + kegg:C00005,"{572: -1.0, 8: -1.0, 581: 1.0, 9: 1.0}",567
567,kegg:C00497 = kegg:C01384 + kegg:C00001,"{1450: -1.0, 1144: 1.0, 5: 1.0}",568
568,kegg:C00498 + kegg:C00001 = kegg:C00103 + kegg:C00020,"{532: -1.0, 5: -1.0, 74381: 1.0, 17: 1.0}",569
569,kegg:C00498 + kegg:C00095 = kegg:C00008 + kegg:C00089,"{532: -1.0, 1260: -1.0, 10: 1.0, 159: 1.0}",570
570,kegg:C00499 + kegg:C00001 = kegg:C00603 + kegg:C00086,"{554: -1.0, 5: -1.0, 467: 1.0, 110: 1.0}",571
571,kegg:C00507 = kegg:C00861,"{1065: -1.0, 1578: 1.0}",572
572,kegg:C00515 = kegg:C03943,"{1062: -1.0, 1311: 1.0}",573
573,kegg:C00522 + kegg:C00006 = kegg:C00966 + kegg:C00005,"{563: -1.0, 8: -1.0, 888: 1.0, 9: 1.0}",574
574,kegg:C00534 + kegg:C00022 = kegg:C00250 + kegg:C00041,"{520: -1.0, 25: -1.0, 294: 1.0, 34: 1.0}",575
575,kegg:C00535 + kegg:C00003 = kegg:C00280 + kegg:C00004,"{280: -1.0, 11: -1.0, 226: 1.0, 13: 1.0}",576
576,kegg:C00552 + kegg:C00003 = kegg:C00975 + kegg:C00004,"{954: -1.0, 11: -1.0, 691174: 1.0, 13: 1.0}",577
577,kegg:C00552 + kegg:C00003 = kegg:C03459 + kegg:C00004,"{954: -1.0, 11: -1.0, 497: 1.0, 13: 1.0}",578
578,kegg:C00556 + kegg:C00003 = kegg:C00261 + kegg:C00004,"{533: -1.0, 11: -1.0, 351: 1.0, 13: 1.0}",579
579,kegg:C00575 + kegg:C00001 = kegg:C00020,"{230: -1.0, 5: -1.0, 17: 1.0}",580
580,kegg:C00575 + kegg:C00001 = kegg:C01367,"{230: -1.0, 5: -1.0, 1765: 1.0}",581
581,kegg:C00579 + kegg:C00003 = kegg:C00248 + kegg:C00004,"{1174: -1.0, 11: -1.0, 947: 1.0, 13: 1.0}",582
582,kegg:C00583 + kegg:C00006 = kegg:C00424 + kegg:C00005,"{1033: -1.0, 8: -1.0, 2118: 1.0, 9: 1.0}",583
583,kegg:C00584 + kegg:C00003 = kegg:C04707 + kegg:C00004,"{628: -1.0, 11: -1.0, 1461: 1.0, 13: 1.0}",584
584,kegg:C00588 + kegg:C00001 = kegg:C00114 + kegg:C00009,"{216: -1.0, 5: -1.0, 85: 1.0, 12: 1.0}",585
585,kegg:C00590 + kegg:C00006 = kegg:C02666 + kegg:C00005,"{819: -1.0, 8: -1.0, 802: 1.0, 9: 1.0}",586
586,kegg:C00603 = kegg:C00048 + kegg:C00086,"{467: -1.0, 66: 1.0, 110: 1.0}",587
587,kegg:C00620 = kegg:C00117,"{281: -1.0, 109: 1.0}",588
588,kegg:C00631 = kegg:C00074 + kegg:C00001,"{261: -1.0, 70: 1.0, 5: 1.0}",589
589,kegg:C00631 = kegg:C00197,"{261: -1.0, 118: 1.0}",590
590,kegg:C00636 = kegg:C00275,"{785: -1.0, 29047: 1.0}",591
591,kegg:C00644 + kegg:C00003 = kegg:C00085 + kegg:C00004,"{74455: -1.0, 11: -1.0, 125172: 1.0, 13: 1.0}",592
592,kegg:C00664 + kegg:C00025 = kegg:C00439 + kegg:C00101,"{848: -1.0, 74378: -1.0, 74448: 1.0, 74383: 1.0}",593
593,kegg:C00664 + kegg:C00037 = kegg:C02718 + kegg:C00101,"{848: -1.0, 31: -1.0, 1729: 1.0, 74383: 1.0}",594
594,kegg:C00666 = kegg:C00680,"{612: -1.0, 503: 1.0}",595
595,kegg:C00668 = kegg:C01172,"{203: -1.0, 484: 1.0}",596
596,kegg:C00673 = kegg:C00118 + kegg:C00084,"{1940: -1.0, 71: 1.0, 72: 1.0}",597
597,kegg:C00684 = kegg:C00022 + kegg:C00266,"{1116: -1.0, 25: 1.0, 330: 1.0}",598
598,kegg:C00689 + kegg:C00009 = kegg:C00103 + kegg:C00092,"{427: -1.0, 12: -1.0, 74381: 1.0, 152: 1.0}",599
599,kegg:C00713 + 2 kegg:C00001 = 3 kegg:C00031,"{53584: -1.0, 5: -2.0, 43: 3.0}",600
600,kegg:C00719 + kegg:C00155 = kegg:C01026 + kegg:C00073,"{275: -1.0, 88364: -1.0, 442: 1.0, 61: 1.0}",601
601,kegg:C00756 + kegg:C00003 = kegg:C01545 + kegg:C00004,"{2140: -1.0, 11: -1.0, 2392: 1.0, 13: 1.0}",602
602,kegg:C00785 + kegg:C00001 = kegg:C03680,"{664: -1.0, 5: -1.0, 74493: 1.0}",603
603,kegg:C00794 + kegg:C00003 = kegg:C00095 + kegg:C00004,"{447: -1.0, 11: -1.0, 1260: 1.0, 13: 1.0}",604
604,kegg:C00798 + kegg:C00009 = kegg:C00010 + kegg:C02405,"{534: -1.0, 12: -1.0, 15: 1.0, 3970: 1.0}",605
605,kegg:C00808 + kegg:C00004 + kegg:C00007 = kegg:C03448 + kegg:C00003 + kegg:C00001,"{2174: -1.0, 13: -1.0, 7: -1.0, 4594: 1.0, 11: 1.0, 5: 1.0}",606
606,kegg:C00854 + kegg:C00003 = kegg:C00414 + kegg:C00004,"{2644: -1.0, 11: -1.0, 784: 1.0, 13: 1.0}",607
607,kegg:C00864 + kegg:C00001 = kegg:C00522 + kegg:C00099,"{691160: -1.0, 5: -1.0, 563: 1.0, 136: 1.0}",608
608,kegg:C00935 = kegg:C00190,"{806: -1.0, 270: 1.0}",609
609,kegg:C00942 + kegg:C00001 = kegg:C00144,"{632: -1.0, 5: -1.0, 106: 1.0}",610
610,kegg:C00943 + kegg:C00001 = kegg:C00130,"{7927: -1.0, 5: -1.0, 117: 1.0}",611
611,kegg:C00944 = kegg:C02637 + kegg:C00001,"{456: -1.0, 581: 1.0, 5: 1.0}",612
612,kegg:C00951 + kegg:C00003 = kegg:C00468 + kegg:C00004,"{339: -1.0, 11: -1.0, 309: 1.0, 13: 1.0}",613
613,kegg:C00956 + kegg:C00026 = kegg:C00322 + kegg:C00025,"{255: -1.0, 22: -1.0, 250: 1.0, 74378: 1.0}",614
614,kegg:C00968 + kegg:C00001 = kegg:C00360,"{7926: -1.0, 5: -1.0, 411: 1.0}",615
615,kegg:C00989 + kegg:C00003 = kegg:C00232 + kegg:C00004,"{489: -1.0, 11: -1.0, 163: 1.0, 13: 1.0}",616
616,kegg:C01005 + kegg:C00001 = kegg:C00065 + kegg:C00009,"{359: -1.0, 5: -1.0, 53: 1.0, 12: 1.0}",617
617,kegg:C01005 + kegg:C00026 = kegg:C03232 + kegg:C00025,"{359: -1.0, 22: -1.0, 514: 1.0, 74378: 1.0}",618
618,kegg:C01008 + kegg:C00155 = kegg:C00580 + kegg:C00073,"{2165: -1.0, 88364: -1.0, 423: 1.0, 61: 1.0}",619
619,kegg:C01013 + kegg:C00003 = kegg:C00222 + kegg:C00004,"{812: -1.0, 11: -1.0, 231: 1.0, 13: 1.0}",620
620,kegg:C01019 = kegg:C01721,"{626: -1.0, 1576: 1.0}",621
621,kegg:C01083 + kegg:C00001 = 2 kegg:C00031,"{187: -1.0, 5: -1.0, 43: 2.0}",622
622,kegg:C01083 + kegg:C00009 = kegg:C00031 + kegg:C00103,"{187: -1.0, 12: -1.0, 43: 1.0, 74381: 1.0}",623
623,kegg:C01087 + kegg:C00003 = kegg:C00026 + kegg:C00004,"{254: -1.0, 11: -1.0, 22: 1.0, 13: 1.0}",624
624,kegg:C01089 + kegg:C00003 = kegg:C00164 + kegg:C00004,"{630: -1.0, 11: -1.0, 146: 1.0, 13: 1.0}",625
625,kegg:C01094 + kegg:C00001 = kegg:C00095 + kegg:C00009,"{116484: -1.0, 5: -1.0, 1260: 1.0, 12: 1.0}",626
626,kegg:C01094 = kegg:C00577 + kegg:C00111,"{116484: -1.0, 414: 1.0, 74: 1.0}",627
627,kegg:C01096 + kegg:C00003 = kegg:C00085 + kegg:C00004,"{372: -1.0, 11: -1.0, 125172: 1.0, 13: 1.0}",628
628,kegg:C01096 + kegg:C00006 = kegg:C00092 + kegg:C00005,"{372: -1.0, 8: -1.0, 152: 1.0, 9: 1.0}",629
629,kegg:C01099 = kegg:C00111 + kegg:C00424,"{1577: -1.0, 74: 1.0, 2118: 1.0}",630
630,kegg:C01100 + kegg:C00026 = kegg:C01267 + kegg:C00025,"{1341: -1.0, 22: -1.0, 1320: 1.0, 74378: 1.0}",631
631,kegg:C01101 = kegg:C00231,"{837: -1.0, 176: 1.0}",632
632,kegg:C01103 + kegg:C00013 = kegg:C00295 + kegg:C00119,"{493: -1.0, 14: -1.0, 222: 1.0, 86: 1.0}",633
633,kegg:C01103 = kegg:C00105 + kegg:C00288,"{493: -1.0, 77: 1.0, 60: 1.0}",634
634,kegg:C01112 = kegg:C00199,"{1095: -1.0, 137: 1.0}",635
635,kegg:C01113 + kegg:C00001 = kegg:C00124 + kegg:C00009,"{1564: -1.0, 5: -1.0, 369: 1.0, 12: 1.0}",636
636,kegg:C01127 = kegg:C00022 + kegg:C00048,"{831: -1.0, 25: 1.0, 66: 1.0}",637
637,kegg:C01131 = kegg:C00111 + kegg:C00424,"{1511: -1.0, 74: 1.0, 2118: 1.0}",638
638,kegg:C01144 + kegg:C00003 = kegg:C00332 + kegg:C00004,"{425: -1.0, 11: -1.0, 125: 1.0, 13: 1.0}",639
639,kegg:C01144 = kegg:C00877 + kegg:C00001,"{425: -1.0, 202: 1.0, 5: 1.0}",640
640,kegg:C01157 = kegg:C03440,"{72644: -1.0, 2482: 1.0}",641
641,kegg:C01182 + kegg:C00007 = kegg:C00197,"{1173: -1.0, 7: -1.0, 118: 1.0}",642
642,kegg:C01182 + kegg:C00288 = 2 kegg:C00197,"{1173: -1.0, 60: -1.0, 118: 2.0}",643
643,kegg:C01185 + kegg:C00013 = kegg:C00253 + kegg:C00119,"{183: -1.0, 14: -1.0, 260: 1.0, 86: 1.0}",644
644,kegg:C01186 + kegg:C00003 + kegg:C00001 = kegg:C03656 + kegg:C00004 + kegg:C00014,"{1747: -1.0, 11: -1.0, 5: -1.0, 2552: 1.0, 13: 1.0, 18: 1.0}",645
645,kegg:C01188 + kegg:C00003 = kegg:C00349 + kegg:C00004,"{375: -1.0, 11: -1.0, 289: 1.0, 13: 1.0}",646
646,kegg:C01213 = kegg:C00091,"{578: -1.0, 87: 1.0}",647
647,kegg:C01213 = kegg:C00683,"{578: -1.0, 74434: 1.0}",648
648,kegg:C01235 + kegg:C00492 = kegg:C00137 + kegg:C01613,"{817: -1.0, 590: -1.0, 119: 1.0, 1356: 1.0}",649
649,kegg:C01286 = kegg:C00022 + kegg:C00118,"{74457: -1.0, 25: 1.0, 71: 1.0}",650
650,kegg:C01507 + kegg:C00003 = kegg:C00247 + kegg:C00004,"{3153: -1.0, 11: -1.0, 45839: 1.0, 13: 1.0}",651
651,kegg:C01563 + kegg:C00001 = 2 kegg:C00014 + kegg:C00288,"{701: -1.0, 5: -1.0, 18: 2.0, 60: 1.0}",652
652,kegg:C01563 + kegg:C00001 = kegg:C00014 + kegg:C00288,"{701: -1.0, 5: -1.0, 18: 1.0, 60: 1.0}",653
653,kegg:C01595 = kegg:C04056,"{279: -1.0, 3360: 1.0}",654
654,kegg:C01620 + kegg:C00003 = kegg:C03064 + kegg:C00004,"{1513: -1.0, 11: -1.0, 3026: 1.0, 13: 1.0}",655
655,kegg:C01697 + kegg:C00003 = kegg:C00795 + kegg:C00004,"{1138: -1.0, 11: -1.0, 74855: 1.0, 13: 1.0}",656
656,kegg:C01742 + kegg:C00001 = kegg:C00031 + kegg:C00095,"{3055: -1.0, 5: -1.0, 43: 1.0, 1260: 1.0}",657
657,kegg:C01762 + kegg:C00009 = kegg:C00385 + kegg:C00620,"{652: -1.0, 12: -1.0, 165: 1.0, 281: 1.0}",658
658,kegg:C01796 = kegg:C02022,"{36135: -1.0, 3101: 1.0}",659
659,kegg:C01796 = kegg:C06463,"{36135: -1.0, 75274: 1.0}",660
660,kegg:C01835 + 2 kegg:C00001 = 3 kegg:C00031,"{691235: -1.0, 5: -2.0, 43: 3.0}",661
661,kegg:C01845 + kegg:C00003 = kegg:C00207 + kegg:C00004,"{2700: -1.0, 11: -1.0, 377: 1.0, 13: 1.0}",662
662,kegg:C01845 + kegg:C00006 = kegg:C00207 + kegg:C00005,"{2700: -1.0, 8: -1.0, 377: 1.0, 9: 1.0}",663
663,kegg:C01904 + kegg:C00003 = kegg:C00309 + kegg:C00004,"{941: -1.0, 11: -1.0, 29687: 1.0, 13: 1.0}",664
664,kegg:C01936 + 5 kegg:C00001 = 6 kegg:C00031,"{47581: -1.0, 5: -5.0, 43: 6.0}",665
665,kegg:C01996 + kegg:C00001 = kegg:C00033 + kegg:C00114,"{745: -1.0, 5: -1.0, 28: 1.0, 85: 1.0}",666
666,kegg:C02043 + kegg:C00003 = kegg:C00331 + kegg:C00004,"{2763: -1.0, 11: -1.0, 297: 1.0, 13: 1.0}",667
667,kegg:C02048 + kegg:C00009 = kegg:C00031 + kegg:C00103,"{1995: -1.0, 12: -1.0, 43: 1.0, 74381: 1.0}",668
668,kegg:C02052 + 3 kegg:C00001 = 4 kegg:C00031,"{2126: -1.0, 5: -3.0, 43: 4.0}",669
669,kegg:C02052 + kegg:C00001 = 2 kegg:C00208,"{2126: -1.0, 5: -1.0, 157: 2.0}",670
670,kegg:C02115 + kegg:C00101 = kegg:C00143 + kegg:C00133 + kegg:C00001,"{3718: -1.0, 74383: -1.0, 173: 1.0, 148: 1.0, 5: 1.0}",671
671,kegg:C02115 = kegg:C00133 + kegg:C00067,"{3718: -1.0, 148: 1.0, 56: 1.0}",672
672,kegg:C02147 + kegg:C00003 = kegg:C00725 + kegg:C00004,"{3112: -1.0, 11: -1.0, 691214: 1.0, 13: 1.0}",673
673,kegg:C02160 + 2 kegg:C00001 = 3 kegg:C00031,"{11586: -1.0, 5: -2.0, 43: 3.0}",674
674,kegg:C02278 + kegg:C01847 + kegg:C00007 = kegg:C02679 + kegg:C00061 + kegg:C00001,"{8982: -1.0, 196: -1.0, 7: -1.0, 381: 1.0, 112: 1.0, 5: 1.0}",675
675,kegg:C02295 = kegg:C00922,"{1682: -1.0, 1637: 1.0}",676
676,kegg:C02305 + kegg:C00001 = kegg:C00300 + kegg:C00009,"{74456: -1.0, 5: -1.0, 379: 1.0, 12: 1.0}",677
677,kegg:C02466 + kegg:C00001 = kegg:C00536,"{3099: -1.0, 5: -1.0, 314: 1.0}",678
678,kegg:C02588 + kegg:C00001 = kegg:C00473 + kegg:C00249,"{851: -1.0, 5: -1.0, 131778: 1.0, 102: 1.0}",679
679,kegg:C02612 = kegg:C02226 + kegg:C00001,"{1290: -1.0, 2089: 1.0, 5: 1.0}",680
680,kegg:C02614 = kegg:C00033 + kegg:C00022,"{1141: -1.0, 28: 1.0, 25: 1.0}",681
681,kegg:C02614 = kegg:C01732 + kegg:C00001,"{1141: -1.0, 1145: 1.0, 5: 1.0}",682
682,kegg:C02712 + kegg:C00001 = kegg:C00033 + kegg:C00073,"{691343: -1.0, 5: -1.0, 28: 1.0, 61: 1.0}",683
683,kegg:C02712 + kegg:C00001 = kegg:C00073 + kegg:C00033,"{691343: -1.0, 5: -1.0, 61: 1.0, 28: 1.0}",684
684,kegg:C02734 + kegg:C00001 = kegg:C00146 + kegg:C00009,"{4537: -1.0, 5: -1.0, 302: 1.0, 12: 1.0}",685
685,kegg:C02782 + kegg:C00003 = kegg:C03926 + kegg:C00004,"{3007: -1.0, 11: -1.0, 3025: 1.0, 13: 1.0}",686
686,kegg:C02930 = kegg:C02295,"{1614: -1.0, 1682: 1.0}",687
687,kegg:C02938 + 2 kegg:C00001 = kegg:C00954 + kegg:C00014,"{1574: -1.0, 5: -2.0, 363: 1.0, 18: 1.0}",688
688,kegg:C02953 + kegg:C00006 = kegg:C00835 + kegg:C00005,"{74537: -1.0, 8: -1.0, 928: 1.0, 9: 1.0}",689
689,kegg:C03044 + kegg:C00003 = kegg:C00810 + kegg:C00004,"{2433: -1.0, 11: -1.0, 631: 1.0, 13: 1.0}",690
690,kegg:C03059 + kegg:C00101 = kegg:C00143 + kegg:C00740 + kegg:C00001,"{43842: -1.0, 74383: -1.0, 173: 1.0, 658: 1.0, 5: 1.0}",691
691,kegg:C03059 = kegg:C00740 + kegg:C00067,"{43842: -1.0, 658: 1.0, 56: 1.0}",692
692,kegg:C03149 + kegg:C00001 = kegg:C01959 + kegg:C00009,"{4521: -1.0, 5: -1.0, 2930: 1.0, 12: 1.0}",693
693,kegg:C03166 + kegg:C00001 = kegg:C00581 + kegg:C00009,"{4136: -1.0, 5: -1.0, 557: 1.0, 12: 1.0}",694
694,kegg:C03178 = kegg:C03314,"{4149: -1.0, 4225: 1.0}",695
695,kegg:C03210 + kegg:C00003 + kegg:C00001 = kegg:C00041 + kegg:C00022 + kegg:C00004,"{3686: -1.0, 11: -1.0, 5: -1.0, 34: 1.0, 25: 1.0, 13: 1.0}",696
696,kegg:C03232 + kegg:C00025 = kegg:C00026 + kegg:C01005,"{514: -1.0, 74378: -1.0, 22: 1.0, 359: 1.0}",697
697,kegg:C03351 + kegg:C00006 = kegg:C03067 + kegg:C00005,"{2458: -1.0, 8: -1.0, 2209: 1.0, 9: 1.0}",698
698,kegg:C03360 + kegg:C00001 = kegg:C00870 + kegg:C00009,"{3341: -1.0, 5: -1.0, 500: 1.0, 12: 1.0}",699
699,kegg:C03373 + kegg:C00288 = kegg:C04751 + kegg:C00001,"{367: -1.0, 60: -1.0, 483: 1.0, 5: 1.0}",700
700,kegg:C03384 = kegg:C00103,"{318: -1.0, 74381: 1.0}",701
701,kegg:C03392 + kegg:C00155 = kegg:C03173 + kegg:C00073,"{3621: -1.0, 88364: -1.0, 3626: 1.0, 61: 1.0}",702
702,kegg:C03394 = kegg:C00067 + kegg:C00111,"{691273: -1.0, 56: 1.0, 74: 1.0}",703
703,kegg:C03406 = kegg:C00122 + kegg:C00062,"{522: -1.0, 88: 1.0, 67: 1.0}",704
704,kegg:C03410 = kegg:C03521 + kegg:C00022,"{4983: -1.0, 42488: 1.0, 25: 1.0}",705
705,kegg:C03451 = kegg:C00051 + kegg:C00546,"{1155: -1.0, 57: 1.0, 293: 1.0}",706
706,kegg:C03506 + kegg:C00065 = kegg:C00078 + kegg:C00118 + kegg:C00001,"{807: -1.0, 53: -1.0, 89: 1.0, 71: 1.0, 5: 1.0}",707
707,kegg:C03519 + kegg:C00001 = kegg:C00033 + kegg:C00079,"{3497: -1.0, 5: -1.0, 28: 1.0, 91: 1.0}",708
708,kegg:C03557 + kegg:C00022 = kegg:C03167 + kegg:C00041,"{1526: -1.0, 25: -1.0, 755: 1.0, 34: 1.0}",709
709,kegg:C03561 = kegg:C00877 + kegg:C00001,"{978: -1.0, 202: 1.0, 5: 1.0}",710
710,kegg:C03598 = kegg:C03599,"{691406: -1.0, 691491: 1.0}",711
711,kegg:C03618 = kegg:C00025,"{1308: -1.0, 74378: 1.0}",712
712,kegg:C03618 = kegg:C01732 + kegg:C00014,"{1308: -1.0, 1145: 1.0, 18: 1.0}",713
713,kegg:C03652 = kegg:C00163 + kegg:C00022,"{7798: -1.0, 337: 1.0, 25: 1.0}",714
714,kegg:C03652 = kegg:C00922 + kegg:C00001,"{7798: -1.0, 1637: 1.0, 5: 1.0}",715
715,kegg:C03703 + kegg:C00001 = kegg:C00438,"{4004: -1.0, 5: -1.0, 443: 1.0}",716
716,kegg:C03794 = kegg:C00122 + kegg:C00020,"{536: -1.0, 88: 1.0, 17: 1.0}",717
717,kegg:C03943 + kegg:C00003 + kegg:C00001 = kegg:C03341 + kegg:C00004 + kegg:C00014,"{1311: -1.0, 11: -1.0, 5: -1.0, 1467: 1.0, 13: 1.0, 18: 1.0}",718
718,kegg:C04105 = kegg:C02480,"{1023: -1.0, 1058: 1.0}",719
719,kegg:C04137 + kegg:C00003 + kegg:C00001 = kegg:C00062 + kegg:C00022 + kegg:C00004,"{2647: -1.0, 11: -1.0, 5: -1.0, 67: 1.0, 25: 1.0, 13: 1.0}",720
720,kegg:C04256 = kegg:C00357,"{74429: -1.0, 49832: 1.0}",721
721,kegg:C04268 + kegg:C00026 = kegg:C11907 + kegg:C00025,"{88414: -1.0, 22: -1.0, 430: 1.0, 74378: 1.0}",722
722,kegg:C04348 = kegg:C00024 + kegg:C00048,"{1453: -1.0, 23: 1.0, 66: 1.0}",723
723,kegg:C04367 + kegg:C00003 = kegg:C01244 + kegg:C00004,"{3741: -1.0, 11: -1.0, 2037: 1.0, 13: 1.0}",724
724,kegg:C04377 + kegg:C00037 + kegg:C00001 = kegg:C01217 + kegg:C00065,"{634: -1.0, 31: -1.0, 5: -1.0, 635: 1.0, 53: 1.0}",725
725,kegg:C04442 = kegg:C00022 + kegg:C00118,"{617: -1.0, 25: 1.0, 71: 1.0}",726
726,kegg:C04462 + kegg:C00025 = kegg:C04421 + kegg:C00026,"{1413: -1.0, 74378: -1.0, 1347: 1.0, 22: 1.0}",727
727,kegg:C04618 = kegg:C04246 + kegg:C00001,"{74748: -1.0, 2815: 1.0, 5: 1.0}",728
728,kegg:C04688 + kegg:C00043 = kegg:C03688 + kegg:C04738,"{6385: -1.0, 49: -1.0, 74705: 1.0, 1919: 1.0}",729
729,kegg:C04691 = kegg:C00944 + kegg:C00009,"{1126: -1.0, 456: 1.0, 12: 1.0}",730
730,kegg:C04741 + kegg:C00003 = kegg:C04654 + kegg:C00004,"{2912: -1.0, 11: -1.0, 2740: 1.0, 13: 1.0}",731
731,kegg:C04752 + kegg:C04327 = kegg:C00013 + kegg:C01081,"{1049: -1.0, 889: -1.0, 14: 1.0, 629: 1.0}",732
732,kegg:C04823 = kegg:C00122 + kegg:C04677,"{577: -1.0, 88: 1.0, 346: 1.0}",733
733,kegg:C05268 + kegg:C00003 = kegg:C05269 + kegg:C00004,"{711: -1.0, 11: -1.0, 677: 1.0, 13: 1.0}",734
734,kegg:C05268 = kegg:C05271 + kegg:C00001,"{711: -1.0, 708: 1.0, 5: 1.0}",735
735,kegg:C05382 + kegg:C00118 = kegg:C00117 + kegg:C00231,"{258: -1.0, 71: -1.0, 109: 1.0, 176: 1.0}",736
736,kegg:C05382 + kegg:C00118 = kegg:C00279 + kegg:C00085,"{258: -1.0, 71: -1.0, 245: 1.0, 125172: 1.0}",737
737,kegg:C05385 + kegg:C00075 = kegg:C00167 + kegg:C00013,"{11228: -1.0, 113: -1.0, 82: 1.0, 14: 1.0}",738
738,kegg:C05402 + kegg:C00001 = kegg:C00124 + kegg:C00031,"{1300: -1.0, 5: -1.0, 369: 1.0, 43: 1.0}",739
739,kegg:C05439 = kegg:C05437,"{779: -1.0, 544: 1.0}",740
740,kegg:C05512 + kegg:C00009 = kegg:C00262 + kegg:C00672,"{866: -1.0, 12: -1.0, 201: 1.0, 983: 1.0}",741
741,kegg:C05512 + kegg:C00147 = kegg:C00559 + kegg:C00262,"{866: -1.0, 160: -1.0, 594: 1.0, 201: 1.0}",742
742,kegg:C05551 + kegg:C00001 = kegg:C02954 + kegg:C07086,"{1628: -1.0, 5: -1.0, 2221: 1.0, 474: 1.0}",743
743,kegg:C05551 + kegg:C00001 = kegg:C06567,"{1628: -1.0, 5: -1.0, 9753: 1.0}",744
744,kegg:C05598 + kegg:C00001 = kegg:C07086 + kegg:C00037,"{4131: -1.0, 5: -1.0, 474: 1.0, 31: 1.0}",745
745,kegg:C05662 + kegg:C00003 = kegg:C00322 + kegg:C00288 + kegg:C00004,"{691207: -1.0, 11: -1.0, 250: 1.0, 60: 1.0, 13: 1.0}",746
746,kegg:C05979 + kegg:C00003 = kegg:C00479 + kegg:C00004,"{5400: -1.0, 11: -1.0, 771: 1.0, 13: 1.0}",747
747,kegg:C05984 + kegg:C00003 = kegg:C00109 + kegg:C00004,"{691217: -1.0, 11: -1.0, 151: 1.0, 13: 1.0}",748
748,kegg:C06019 = kegg:C00085,"{1497: -1.0, 125172: 1.0}",749
749,kegg:C06019 = kegg:C00199 + kegg:C00067,"{1497: -1.0, 137: 1.0, 56: 1.0}",750
750,kegg:C06142 + kegg:C00003 = kegg:C01412 + kegg:C00004,"{2816: -1.0, 11: -1.0, 940: 1.0, 13: 1.0}",751
751,kegg:C06159 = kegg:C00022 + kegg:C00424,"{3006: -1.0, 25: 1.0, 2118: 1.0}",752
752,kegg:C06219 + kegg:C00009 = kegg:C00185 + kegg:C00103,"{4851: -1.0, 12: -1.0, 1056: 1.0, 74381: 1.0}",753
753,kegg:C06322 + kegg:C00001 = kegg:C06749,"{1495: -1.0, 5: -1.0, 2463: 1.0}",754
754,kegg:C06468 = kegg:C01487,"{6935: -1.0, 29038: 1.0}",755
755,kegg:C06468 = kegg:C06464,"{6935: -1.0, 11219: 1.0}",756
756,kegg:C06827 + kegg:C00001 = kegg:C02954 + kegg:C03493,"{122520: -1.0, 5: -1.0, 2221: 1.0, 3930: 1.0}",757
757,kegg:C07064 + kegg:C00001 = kegg:C00124 + kegg:C00095,"{9409: -1.0, 5: -1.0, 369: 1.0, 1260: 1.0}",758
758,kegg:C07761 + kegg:C00001 = kegg:C02595 + kegg:C07756,"{11086: -1.0, 5: -1.0, 72126: 1.0, 3617: 1.0}",759
759,kegg:C08126 + kegg:C00001 = kegg:C02954 + kegg:C02181,"{129405: -1.0, 5: -1.0, 2221: 1.0, 11974: 1.0}",760
760,kegg:C08240 + kegg:C00001 = 2 kegg:C00031,"{5465: -1.0, 5: -1.0, 43: 2.0}",761
761,kegg:C08492 + kegg:C00003 = kegg:C16310 + kegg:C00004,"{2959: -1.0, 11: -1.0, 25364: 1.0, 13: 1.0}",762
762,kegg:C09814 + 2 kegg:C00001 = kegg:C00180 + kegg:C00014,"{3388: -1.0, 5: -2.0, 205: 1.0, 18: 1.0}",763
763,kegg:C11695 + kegg:C00001 = kegg:C00189 + kegg:C00219,"{4377: -1.0, 5: -1.0, 206: 1.0, 127: 1.0}",764
764,kegg:C15025 + kegg:C00003 = kegg:C02636 + kegg:C00004,"{233: -1.0, 11: -1.0, 1479: 1.0, 13: 1.0}",765
765,kegg:C15673 + kegg:C00006 = kegg:C02780 + kegg:C00005,"{1938: -1.0, 8: -1.0, 867: 1.0, 9: 1.0}",766
766,kegg:C16074 + 2 kegg:C00001 = kegg:C07086 + kegg:C00014,"{2395: -1.0, 5: -2.0, 474: 1.0, 18: 1.0}",767
767,kegg:C16512 + kegg:C00001 = kegg:C00189 + kegg:C00249,"{82768: -1.0, 5: -1.0, 206: 1.0, 102: 1.0}",768
768,kegg:C19636 + kegg:C00001 = kegg:C00031 + kegg:C00095,"{131550: -1.0, 5: -1.0, 43: 1.0, 1260: 1.0}",769
769,kegg:C19838 + kegg:C00026 = kegg:C03459 + kegg:C00025,"{4620: -1.0, 22: -1.0, 497: 1.0, 74378: 1.0}",770
770,metanetx.chemical:MNXM119 = metanetx.chemical:MNXM208,"{112: -1, 196: 1}",771
771,metanetx.chemical:MNXM12535 = metanetx.chemical:MNXM12859,"{9721: -1, 9903: 1}",772
772,metanetx.chemical:MNXM148 = metanetx.chemical:MNXM96993,"{140: -1, 75409: 1}",773
773,metanetx.chemical:MNXM159207 = metanetx.chemical:MNXM160811,"{128996: -1, 130512: 1}",774
774,metanetx.chemical:MNXM166 = metanetx.chemical:MNXM442,"{158: -1, 421: 1}",775
775,metanetx.chemical:MNXM176 = metanetx.chemical:MNXM202,"{167: -1, 191: 1}",776
776,metanetx.chemical:MNXM178 = metanetx.chemical:MNXM169,"{168: -1, 161: 1}",777
777,metanetx.chemical:MNXM33 = metanetx.chemical:MNXM38,"{35: -1, 40: 1}",778
778,metanetx.chemical:MNXM372 = metanetx.chemical:MNXM520,"{352: -1, 494: 1}",779
779,metanetx.chemical:MNXM437 = metanetx.chemical:MNXM352,"{416: -1, 333: 1}",780
780,metanetx.chemical:MNXM5 = metanetx.chemical:MNXM6,"{8: -1, 9: 1}",781
781,metanetx.chemical:MNXM745 = metanetx.chemical:MNXM444,"{703: -1, 423: 1}",782
782,metanetx.chemical:MNXM8 = metanetx.chemical:MNXM10,"{11: -1, 13: 1}",783
